file_id,file_name,file_size,case_id,case_submitter_id,sample_type
d5a267c4-f6bf-49c4-b8f9-8afd0409e022,ea90f901-5eba-4d19-b44d-47aa1ee5dd41.rna_seq.augmented_star_gene_counts.tsv,4235687,19aa2469-e947-46db-931b-7736823fb472,DLBCL10533,Tumor
eae15a32-6aac-4b05-b3c3-d50236152fb3,53ead369-51db-4e69-a97d-f570c21a5b92.rna_seq.augmented_star_gene_counts.tsv,4226507,0e98047b-dac6-456e-85ba-8593ad55e1f4,DLBCL10515,Tumor
850c5969-a942-4fd3-acde-fb88349037bf,146dffd1-edec-4c06-bd51-ec8a5c58c0ac.rna_seq.augmented_star_gene_counts.tsv,4182443,0f16dd46-a1dc-440e-b0d1-f410eb70206e,DLBCL11579,Tumor
776b588e-24b2-4d47-9d59-0856dd84b9ab,2e9395dd-47ef-47c6-a5b1-0714d0092722.rna_seq.augmented_star_gene_counts.tsv,4241283,1a2683ab-6f9d-455b-9b2c-7de513a0cb2a,DLBCL10529,Tumor
4e4d3548-8ad6-4273-b790-0b48fd54669c,8b3ae343-9427-4cbf-a587-6aeacb997293.rna_seq.augmented_star_gene_counts.tsv,4228388,2b5ccf2d-0109-4b2a-8267-2393c71d0036,DLBCL10978,Tumor
1cdfe347-258c-42db-a582-2cbe53ede3f9,8506545c-0a9b-49a0-98b4-b4afdff351ea.rna_seq.augmented_star_gene_counts.tsv,4251620,0fe6e084-a509-4224-a084-1a7f1e6e647c,DLBCL10909,Tumor
db6fbb69-b827-48df-8f58-1b5e27efaa29,81f54778-5bed-4509-9ef1-71016ed42958.rna_seq.augmented_star_gene_counts.tsv,4245491,1af114ee-ff3f-4ce1-984f-79541036847a,DLBCL10983,Tumor
ee522327-a8fc-4d18-885b-8596101fea39,d29deb12-cb75-47f8-80e8-88f2f631d65a.rna_seq.augmented_star_gene_counts.tsv,4227872,1afb4c6c-5df3-4dc7-a29f-6a83668af2f0,DLBCL11255,Tumor
17789065-bdf9-456d-9c8e-10124d5819ca,3f2c04ba-61c1-424d-9985-75c1bce6a179.rna_seq.augmented_star_gene_counts.tsv,4244425,2ec7b171-e1e3-435e-a748-98ed878c78dd,DLBCL11456,Tumor
3d2db166-5ffd-46ff-82b8-20961efbd5f3,95400e0d-d44b-424f-adcc-13f4f1934d9f.rna_seq.augmented_star_gene_counts.tsv,4240649,1b8e8c67-0431-43e6-9491-e811024f4a31,DLBCL11503,Tumor
dd07972a-fc09-4338-b09c-dd8c3c6a0d05,40a7bd34-8b21-4d99-8966-dc7910ec1270.rna_seq.augmented_star_gene_counts.tsv,4231133,118679d4-1966-4939-89da-973ea563afcf,DLBCL11431,Tumor
e496ebfc-e939-4483-8310-ecded0962f0a,5b07115c-5886-4f41-97f2-3498c8101a8c.rna_seq.augmented_star_gene_counts.tsv,4227331,2fc36f9a-fa3b-488f-aa3a-b2cd106525da,DLBCL11180,Tumor
50550afa-75b1-453e-87b2-09ef6f6a3520,d6a4ac75-c454-4839-aa92-173f54c7d9af.rna_seq.augmented_star_gene_counts.tsv,4246557,1d0de7fb-c633-4a63-90ae-abb656f70a20,DLBCL11432,Tumor
6d515fa7-8630-400a-b6b6-fc2b51786337,1adf5fa4-e738-4be9-a1c4-ad89d183d490.rna_seq.augmented_star_gene_counts.tsv,4227602,2fda829d-9e80-40a5-87d8-83bea65c7e22,DLBCL11670,Tumor
a8923ee8-27fe-467c-a5d9-550610465521,281196b2-4963-467f-9db1-ace2c8c802ce.rna_seq.augmented_star_gene_counts.tsv,4237478,1d94e038-6e69-4929-a109-50b0a360c739,DLBCL11581,Tumor
b78cc15e-e041-4f25-a940-203a9f575147,28f1814e-b2ad-4208-8acc-f3e9ee8cc665.rna_seq.augmented_star_gene_counts.tsv,4230051,318883d2-ebc7-45ac-8e90-5b1bbc939c09,DLBCL10475,Tumor
c18a3aed-0bda-4628-a15e-22aa35439d95,af90a0b5-e47d-4efd-9171-46995a17a124.rna_seq.augmented_star_gene_counts.tsv,4210214,1dee07f5-4419-418e-a59f-91d5ba30c831,DLBCL10482,Tumor
827299d7-37bf-42d7-ab43-74eacafe224c,d6491635-da56-461f-9ffe-486a680e9707.rna_seq.augmented_star_gene_counts.tsv,4234638,44e4d463-5453-4fae-830f-1e9eb238da7d,DLBCL10923,Tumor
7472543d-85ff-4e5a-96aa-abfae25b87ce,c86d4061-363b-4ca8-85a6-2a25d2d56348.rna_seq.augmented_star_gene_counts.tsv,4228203,13a4c68d-0486-45c8-bfd8-72f9c0f26c97,DLBCL10500,Tumor
36c612ce-9220-4b35-b8af-28decb436921,95950ae1-3184-4f3b-aebe-a0e300f86048.rna_seq.augmented_star_gene_counts.tsv,4209108,209fa35e-e76f-43fc-ab2c-bf7805103e53,DLBCL10999,Tumor
bc79b73e-bfc1-491a-a828-c59c30117b65,60e861c2-597d-4be0-8125-358c2c7c1941.rna_seq.augmented_star_gene_counts.tsv,4174079,44fd40ca-6277-417d-b962-752718cbca89,DLBCL10521,Tumor
02aa9a15-8b98-41b3-ac0d-d965e2cee4b5,a4fae05a-8aea-456b-be4f-d586ddc0f839.rna_seq.augmented_star_gene_counts.tsv,4205343,324b7574-355f-4614-aaf1-7d148c12222b,DLBCL10465,Tumor
6fd243a9-2f4b-4858-be0d-d4b1dc264f7a,e53c3e81-b641-45b2-aaaf-25fc40b4cd37.rna_seq.augmented_star_gene_counts.tsv,4236666,20a12879-238c-408d-95ff-ab3ab7ecfb30,DLBCL11474,Tumor
1820dbab-f044-4ba8-b8c8-ba6ec4d2251c,5cbfdabb-8faf-4f46-8cf0-7331273bd74c.rna_seq.augmented_star_gene_counts.tsv,4232459,20de576b-ee16-4084-9b43-f439349b0e8e,DLBCL10845,Tumor
dd2f9b6e-a3f3-4c5b-823b-9fd131cc6685,520545e2-a85f-4418-b52c-61ff1233ebf4.rna_seq.augmented_star_gene_counts.tsv,4246804,46b6308c-5cbe-4111-924d-e30f866fbb19,DLBCL11478,Tumor
3ec76ac6-53a4-4b79-a039-db9b21205840,360c0abc-e2d8-4154-85be-73c3108bcd60.rna_seq.augmented_star_gene_counts.tsv,4246343,2167c6e7-8bb3-4efe-abc2-43399ac1cd61,DLBCL10466,Tumor
c02d0b89-2cf1-4bf9-a332-17d6f5648794,4a1eb654-42cd-48df-89df-8ff3fcb9c3f4.rna_seq.augmented_star_gene_counts.tsv,4234177,23ce818f-a1db-4404-a5b5-57f705096b0c,DLBCL10867,Tumor
6f138767-693d-456f-a00e-1a27322fcc61,ee34306f-8ba4-4aae-9390-912193687f38.rna_seq.augmented_star_gene_counts.tsv,4190702,3458f89d-c194-4fc7-8d73-0d4f537d5902,DLBCL10505,Tumor
0d2ecc6f-589c-49ab-9774-b9aaff684c8b,13bdede4-0b55-444e-b4cd-54cd9268b787.rna_seq.augmented_star_gene_counts.tsv,4232441,499918f3-b43c-43bf-b426-7a90f62232a1,DLBCL10904,Tumor
4de8f136-9edf-4c0b-9b3d-9b2c98528d28,685e004b-5b10-4c92-8fec-a95584e657e8.rna_seq.augmented_star_gene_counts.tsv,4224984,37bfc0fe-0c55-41d2-b0cb-fd47e5832cfc,DLBCL11452,Tumor
5ffe0459-e625-4a7f-b0ed-ceaeddbbd422,3eb17980-65f0-4fdd-84f4-2e31e7a15351.rna_seq.augmented_star_gene_counts.tsv,4241762,4a50a9c2-2fd5-460c-80c6-1cae585f8edc,DLBCL10550,Tumor
c6916242-46cb-4739-a4b6-6eeef094ec69,1eafaf54-03a5-493b-9b34-1cf41b884942.rna_seq.augmented_star_gene_counts.tsv,4225715,28c94845-7c32-4f03-ba05-2a42500614db,DLBCL10471,Tumor
3b781220-578f-4ba9-aba7-45e6bf6b45d4,100ee6e8-7fba-4000-95ca-fa4cabfc1449.rna_seq.augmented_star_gene_counts.tsv,4233336,4bf04d2c-ca5f-4bdf-95a0-1621ae1e31e0,DLBCL10531,Tumor
3796028b-5024-4dd8-9b5e-5e938e690cb9,c214454f-90be-4e8e-9428-74169ded8b92.rna_seq.augmented_star_gene_counts.tsv,4200822,2a052bbb-1f37-4d20-8764-e921156b66e6,DLBCL10514,Tumor
f728d4c3-3c5f-4ab1-9a8b-0fe298a2a840,d14a2ea0-1533-4d79-afef-559a1da3cc86.rna_seq.augmented_star_gene_counts.tsv,4217344,630517f2-f84c-4a4f-b0dc-aebee2723a8c,DLBCL10503,Tumor
4682477f-06fd-4bcc-b025-76942e0e9f00,75b8398e-475d-4019-8ed9-cb6e022d9135.rna_seq.augmented_star_gene_counts.tsv,4242334,424052fb-c27a-447c-9445-c426ff966357,DLBCL10890,Tumor
6c3693a6-d367-42d5-af29-6602e686c879,3f06c6d5-af7d-42a0-972d-0479ebbba1dc.rna_seq.augmented_star_gene_counts.tsv,4238559,42a8213b-5da2-4825-a753-09e881703a2a,DLBCL10994,Tumor
4f9849d2-e9f7-4fdc-a085-2e447233885e,a2b532ac-6101-41ea-b75b-eec29c26d130.rna_seq.augmented_star_gene_counts.tsv,4201195,72c71385-bc32-46c2-9377-3a144e6752eb,DLBCL10464,Tumor
645c1248-7bfc-4585-a216-03b41aba9a6c,019ac5f9-a20b-494b-ab72-ec7fe44c6ea5.rna_seq.augmented_star_gene_counts.tsv,4233008,52dd2b4f-5661-4d62-b880-d76c24cb2bc9,DLBCL10927,Tumor
57325e53-7e48-41d9-bf72-a6c78a093aa7,34d09dcd-83ee-453d-b526-e7b67f619d8c.rna_seq.augmented_star_gene_counts.tsv,4227994,5374c2c5-0dbc-4dec-952b-c27fbd1b90bb,DLBCL10853,Tumor
79c275eb-7f14-4336-857e-20dc2e9ca5a9,e433ff9a-a849-447d-a8d9-8f449b63a852.rna_seq.augmented_star_gene_counts.tsv,4238734,439a490a-41fa-45bd-a0e2-bb037a6c6976,DLBCL11671,Tumor
4aa19aae-db31-4868-b4d4-50d6d5265359,64952c36-6f56-4b7d-9992-d2584c79ebb7.rna_seq.augmented_star_gene_counts.tsv,4195303,43d88cd5-28fe-4b94-8239-b4521a41edd6,DLBCL10537,Tumor
4142244b-09f6-48d2-a00c-c91b83072577,a20bee42-fb38-458d-ba5a-5400ea9b62a2.rna_seq.augmented_star_gene_counts.tsv,4190852,746a4f14-293e-47a1-ba54-452c3de205d4,DLBCL11575,Tumor
84bb73fd-ff42-454b-b869-a78f53593925,3bca037d-1d59-47e8-a610-92e5e231d12a.rna_seq.augmented_star_gene_counts.tsv,4251190,74e9bdf4-8312-49a0-bbb0-d8d6a58e8dd4,DLBCL11520,Tumor
57212fbc-b9a6-44d6-aed5-cc52401240a9,0ff872a8-8079-4ed5-a339-4aff13808f0c.rna_seq.augmented_star_gene_counts.tsv,4199640,678acbbd-3f1b-4464-ba21-a59606cf19ae,DLBCL10501,Tumor
85f8c20e-46b8-4cc5-9ea6-5eac2b003c15,8b0e9cf3-b04e-44ed-bb59-24476055a298.rna_seq.augmented_star_gene_counts.tsv,4231056,687e6e3a-cb53-4507-a721-647b52052a63,DLBCL11526,Tumor
643ada4e-8d5b-4f5f-87eb-592bd4881d32,6f576ae4-6710-495d-bcb8-902a91bc0e4e.rna_seq.augmented_star_gene_counts.tsv,4250256,575a65e2-35e1-4f90-aa15-bd2f01b21cfd,DLBCL10474,Tumor
df05407d-48db-42b6-b671-a61aac77ffe9,55db847c-65c3-4f0b-80a2-ccdb99bf5b5c.rna_seq.augmented_star_gene_counts.tsv,4235284,7768f1fa-2c06-4ff5-ba0c-7fa1daad2cec,DLBCL10903,Tumor
2a30e749-5e16-4065-86b8-2b2d17e53d2b,84f01958-470a-4663-95f8-d485ee5ce582.rna_seq.augmented_star_gene_counts.tsv,4233741,6a9fd948-0acb-4835-9cbe-d7cd729ae3ce,DLBCL10893,Tumor
07d1c071-a8c7-4d75-a85e-8ea9750fff66,d8646e4b-ffee-4baa-b72d-ac48f5d08057.rna_seq.augmented_star_gene_counts.tsv,4254346,6b95eaad-0121-40fa-9640-0399b894bce1,DLBCL10859,Tumor
be188516-37a5-4263-b339-b56e83cf0bee,fd5217e1-0b03-47a1-96b9-f95bf79bcded.rna_seq.augmented_star_gene_counts.tsv,4225802,5857d22f-9ab6-4c0f-ba03-bec73c6e0cbe,DLBCL11193,Tumor
42ab0421-5c8b-4a65-a3e9-ab245d476b53,5fdae720-5c3a-46c0-9dda-87828ff2062a.rna_seq.augmented_star_gene_counts.tsv,4183468,78423c79-acd0-406b-a881-bd7e78532d27,DLBCL10547,Tumor
e191d3d3-57dd-4209-bf25-343aa8c35623,63faf4e7-7626-401c-b781-7687f96435aa.rna_seq.augmented_star_gene_counts.tsv,4234661,792b51cb-25c0-49e5-b5aa-5e341c6f476c,DLBCL11448,Tumor
fd0385d7-2c72-4c74-ad35-622feb3112da,9e263e0b-e602-47d9-9f2c-cc21f07d66fd.rna_seq.augmented_star_gene_counts.tsv,4230856,59a1825e-0ec8-4dc6-9dca-dfa38c96d387,DLBCL10989,Tumor
d5f83978-c3d2-425c-a514-21ca850f4511,57078368-b13b-4f0e-91ab-47af7740eddb.rna_seq.augmented_star_gene_counts.tsv,4231233,6da7f2d1-0c8d-4016-94e0-615698d39e49,DLBCL10936,Tumor
11e09ad0-240c-4bef-ac1e-3b19d3f73495,c437cbf4-c307-4fcb-b8b5-53689448e6f8.rna_seq.augmented_star_gene_counts.tsv,4205585,6de93517-de23-49d8-8d70-4a0cd773282e,DLBCL10523,Tumor
b4637da5-0846-479f-8bf8-aba78cb4ed60,d30658b9-f710-4768-b277-bcb90f3dcd45.rna_seq.augmented_star_gene_counts.tsv,4250663,7c92e8c9-eabd-413e-8d90-ff4d270f9ce7,DLBCL11457,Tumor
7e461664-fe1c-4e7e-bd1a-5612129ada2e,a96d38aa-b6ab-4d10-84f5-b7f181eacd54.rna_seq.augmented_star_gene_counts.tsv,4239072,5b2d8b76-9b1f-4c1b-ae43-3a5279e1a6e7,DLBCL11436,Tumor
cb199f06-fc9d-4a92-ae83-5e0b17f986a0,26b80a18-3e6a-43c0-93a8-11424fdcb4e3.rna_seq.augmented_star_gene_counts.tsv,4245711,7ef3a33f-b822-4212-b5e9-fdd0244fbb19,DLBCL10913,Tumor
fa7d7eb3-8aa8-4472-9e96-3c40f5cafdb0,f8ef2dca-02c4-4bf3-a6d9-59b67b3e5fa4.rna_seq.augmented_star_gene_counts.tsv,4227084,6f7a0ad9-34b5-438f-a42d-61a1ce2725cf,DLBCL11211,Tumor
2a531e0e-2082-4776-8399-d0115aa1c3f2,f75b6586-34af-4abc-906b-1fd0fcfdc775.rna_seq.augmented_star_gene_counts.tsv,4195420,8e0ccd20-0b23-4f52-8dd9-4c0c33127640,DLBCL10470,Tumor
6d5a8ad2-e018-4515-8896-970b25ca2312,dfac9c41-3f4c-48dc-b557-ea2f6a7004d8.rna_seq.augmented_star_gene_counts.tsv,4232094,81270042-a4f2-4287-9b47-07f29151f773,DLBCL10863,Tumor
67a557b5-3c2c-4294-aea1-a8700369124d,2e5a8f56-e1c5-4526-bae5-df17fb6f04a8.rna_seq.augmented_star_gene_counts.tsv,4251392,70635928-0034-46a9-8f4d-c4de104fd18e,DLBCL10894,Tumor
200f5fda-0232-440b-9565-526c1a43ea0b,70390c55-1f14-4a97-b4d6-8fbf4a6c3e61.rna_seq.augmented_star_gene_counts.tsv,4222826,8e851d21-08c4-4573-ad77-bf4fd51066c4,DLBCL11565,Tumor
a4b8e485-d826-4baa-bd4b-2f68b35db0d8,9ffceb8b-b5d6-4f80-ab3b-b5a67983dc7e.rna_seq.augmented_star_gene_counts.tsv,4227597,70698367-a664-42db-969c-b35280461290,DLBCL11430,Tumor
f9873c8a-5fd3-4fd1-b763-7acc7afe076d,876fd2a0-a693-48e4-b905-5ac18dafe06f.rna_seq.augmented_star_gene_counts.tsv,4243507,81967969-aa67-464d-aacb-362c65da5844,DLBCL11470,Tumor
68e65220-7312-4a63-9869-c587d6f7c418,9f3cf564-e943-4b1c-aa44-62bdf2fb8dc5.rna_seq.augmented_star_gene_counts.tsv,4236492,70c19d0b-ce97-4d31-b2c0-09877986f6dd,DLBCL10947,Tumor
db158f14-6ab7-4a07-8842-0b7409ba9e71,c1ae8205-fb69-4f95-9066-59a47f87cbbe.rna_seq.augmented_star_gene_counts.tsv,4233095,926d7316-349d-48d5-be1d-fd21d494ea07,DLBCL10450,Tumor
5287ca13-f294-41c9-90dc-22b6882f8d07,be6918e8-0337-47be-8166-2662f7278f95.rna_seq.augmented_star_gene_counts.tsv,4230181,938b1350-2661-48ed-b100-58f25b819d04,DLBCL11566,Tumor
7c865b0c-f7e8-49b0-85fd-be4c1d92a53e,cc475b4f-ca87-4d3d-8231-dba133114fd2.rna_seq.augmented_star_gene_counts.tsv,4232428,85b09cf2-a423-4118-b83e-ea9beafa9059,DLBCL11191,Tumor
134e10a1-2dd5-47fe-8886-2670e5ce197a,0b93bb83-0393-48d5-81f5-576358692ec1.rna_seq.augmented_star_gene_counts.tsv,4231334,93c20bfb-2bbe-479e-b41c-aa4d220c680b,DLBCL10991,Tumor
2c4123b4-a5ab-4a42-8507-f43fe34183bc,2f714370-f64a-42f3-8318-f94b06c217a4.rna_seq.augmented_star_gene_counts.tsv,4225180,864508a5-5b65-476a-96b4-b0bc3e7b0eee,DLBCL10530,Tumor
e4c73b94-b722-465d-9f90-4475f1f0e772,aba4c1ab-d6c6-4624-897c-938b0b029e81.rna_seq.augmented_star_gene_counts.tsv,4232084,94d33a20-0d0f-43d6-a835-ae52b9d9326d,DLBCL10959,Tumor
758ca584-fd3c-4366-adcc-9926cd333538,45fa4c33-5ac5-42ba-b266-1db9fd4baf2b.rna_seq.augmented_star_gene_counts.tsv,4229161,950625fc-7c83-4a71-8dca-5235884cc8fd,DLBCL10900,Tumor
c741215b-6acb-433b-8686-ce3016dfcde8,22adeb20-037d-48f0-8756-9383f1cc923c.rna_seq.augmented_star_gene_counts.tsv,4227229,871f940a-2dab-4d4d-a668-fa1a20dcef41,DLBCL11259,Tumor
9dc54799-6113-452d-8394-8aeeb8cf3aff,1fd37558-08a0-41c4-9bf0-f814893111cc.rna_seq.augmented_star_gene_counts.tsv,4228961,889aa09f-10cd-4fee-bba7-2092f56945f4,DLBCL10951,Tumor
cbcea98a-c0ad-497e-a19b-216a2c469563,aff39087-5acc-483a-85c9-629b5b8d5857.rna_seq.augmented_star_gene_counts.tsv,4245492,970cc172-89f0-442f-9d8f-217d438ab064,DLBCL10862,Tumor
9c3a1ebd-9a78-48b9-ae8e-c68a6577093e,6f9dac40-70fd-4ec1-ad83-c2eb1df09c49.rna_seq.augmented_star_gene_counts.tsv,4231324,88e5974d-ba77-4ac9-abd1-eea0713e65c0,DLBCL11675,Tumor
b00e0487-cb28-43fb-8e9e-d25a93a863a6,c02b8ffb-0e23-4a95-9a42-3866180dc0c8.rna_seq.augmented_star_gene_counts.tsv,4246557,985112c4-3432-490c-b2af-53bcbf5029cb,DLBCL11590,Tumor
028fc453-4d32-4791-a656-06ec9832a8f8,59ff73d8-effe-4154-98cc-1d2fa6f96b9b.rna_seq.augmented_star_gene_counts.tsv,4240142,897362fe-c6c0-4860-8db4-e6538c04f460,DLBCL11438,Tumor
d00355d3-e851-48a1-a559-a783864ad581,ae12f533-3423-4e59-8896-e2e1ac1aff69.rna_seq.augmented_star_gene_counts.tsv,4239502,9a87f654-b742-4df3-9a69-0afd366c85b3,DLBCL10477,Tumor
ef69507e-c4ee-4499-a855-a9ec1de6294e,cc642108-ac0e-4cd9-a56d-8031147cf19d.rna_seq.augmented_star_gene_counts.tsv,4230412,89a330b5-09c1-4b1e-b208-bff5091f9ac6,DLBCL11489,Tumor
4aab366e-28bb-492f-8faa-53c7dd3bec64,04c153b4-7a0c-469b-ad49-f879ae5154bf.rna_seq.augmented_star_gene_counts.tsv,4215021,a644fd0d-f8a2-42fc-bfa9-102d6111f27c,DLBCL10492,Tumor
d22758d1-03c9-4218-bb27-34ac7a6aea5d,3915c3da-3219-4128-962a-0d66d322972f.rna_seq.augmented_star_gene_counts.tsv,4253437,a74107bf-74bb-4508-9695-9b42740e1e12,DLBCL10901,Tumor
239bc9d3-6237-4535-8a63-81eb0ea483bd,e2404dec-c385-4b7e-9812-b75bb3cddfa4.rna_seq.augmented_star_gene_counts.tsv,4196575,9ac3bee0-b19b-4283-a0da-5916e8eacbf5,DLBCL10481,Tumor
b627cfb5-7c23-45c2-8575-6fb0edb08f40,8b17075c-f905-413f-b25d-51a3f8c5406a.rna_seq.augmented_star_gene_counts.tsv,4240613,9b3d5177-f444-429e-a9c5-680a5e87f2bb,DLBCL10509,Tumor
ca7e1ea6-ad14-44e0-8a85-74dea8085803,ada29587-e7d8-4ace-9203-677348d5c55d.rna_seq.augmented_star_gene_counts.tsv,4228814,a7939eef-1a8c-4898-b3a4-0ab04333e709,DLBCL10516,Tumor
6af8ceae-26b8-45cb-8478-680aecb77cff,7d55da32-e712-4c8e-b030-4548790fe9d1.rna_seq.augmented_star_gene_counts.tsv,4254301,9d233392-ebd1-40bb-95fd-9c9a8274d09b,DLBCL10898,Tumor
35f8d895-aa52-4cda-ae3c-e794e08f3f87,83c64705-b3c8-4212-a38b-cda196266a1e.rna_seq.augmented_star_gene_counts.tsv,4233941,a8e2ed87-f707-44f0-91c4-50087e9e2570,DLBCL10924,Tumor
fe0f5621-3e3e-4a2f-b850-1ff324836e03,74977f60-0743-4523-9c3f-e8fa8c271166.rna_seq.augmented_star_gene_counts.tsv,4245355,9d58548d-9332-4f91-9566-44e6b206bafc,DLBCL11591,Tumor
63766797-2339-4ddd-96dd-2a20a3e9b5fb,050706b9-12f0-4741-b609-da9053e3b6cc.rna_seq.augmented_star_gene_counts.tsv,4191584,9ddf37c7-86cd-4395-88f7-42e6babe00dd,DLBCL10536,Tumor
afa271b1-4521-44e5-a7ff-c5bcff0ebe6f,da24127a-e740-420d-9f89-1445e46a9a86.rna_seq.augmented_star_gene_counts.tsv,4221763,a9ff52d3-c04c-4ef3-b06d-c32783f9ffdb,DLBCL11261,Tumor
db1be1ee-5631-49df-b3fe-18008085bca3,b05b846c-f990-4dc2-a66b-9d8e34e9f66f.rna_seq.augmented_star_gene_counts.tsv,4210937,9eb724d1-d520-4e2c-97d7-ee838e656839,DLBCL10926,Tumor
0b6eedc3-0ebd-43cf-b596-36a1e688895f,74ba912a-98d4-4899-8c81-2afbc0a1e147.rna_seq.augmented_star_gene_counts.tsv,4240565,acb0fb1b-6ed0-48c9-8c27-d9cdc40f43fa,DLBCL10847,Tumor
40fcf811-dc02-4245-bc59-a3a7a7e1431c,eb0fde9b-99cf-4343-b7df-56eb71fb2c00.rna_seq.augmented_star_gene_counts.tsv,4228804,9fadba03-c0a2-443b-a7ac-24a07756257a,DLBCL10854,Tumor
fbc6be0d-298c-4f4f-bd1a-7ba38f195d43,90c23d85-97d3-489d-8e2e-9eef4dd691c5.rna_seq.augmented_star_gene_counts.tsv,4226981,a0095c76-fc36-4ffb-839d-0c3abc7a27c2,DLBCL11260,Tumor
31882571-9a19-4e00-82e2-055305fa0a73,b3a37315-bde4-4975-9b05-1d92de26a676.rna_seq.augmented_star_gene_counts.tsv,4242584,aefb5e8d-a6f6-42e8-baab-e65d057c022f,DLBCL10858,Tumor
246dcd99-5b10-42c5-8790-9a6c5055a8e1,4f841fd8-8247-4e49-bb8f-4631717403d5.rna_seq.augmented_star_gene_counts.tsv,4234077,afe72df5-dcab-4f68-9a9b-631ec1c01bdf,DLBCL11512,Tumor
435fe14e-7281-47b7-ae2e-6db7c3d8a059,9d2f7685-da6a-4b55-aaf7-8d2eee6c95b6.rna_seq.augmented_star_gene_counts.tsv,4246912,c703698d-c24c-4e16-9a15-139270a8353f,DLBCL10977,Tumor
b7a266a4-2424-4f7d-bf19-3c8ed51f99c9,232f28d3-b282-4172-8107-dd7e9cf760ee.rna_seq.augmented_star_gene_counts.tsv,4215875,b01e9ad9-e84d-4f06-8bb3-9b19074f9b94,DLBCL11262,Tumor
981fd6c0-f396-40cd-954a-89d0982b8a1c,e3e0bc17-c027-4427-911d-b91f55b1fb76.rna_seq.augmented_star_gene_counts.tsv,4245363,c75538d3-1d2e-4ff9-bc2e-a6cbf9599164,DLBCL11437,Tumor
1c36594e-186e-4ecd-a2b4-4473c8e87c7a,a9378b0b-b964-40d9-98f5-e4c23f34b5ea.rna_seq.augmented_star_gene_counts.tsv,4194795,b0288ccb-f435-4621-aab6-e4318df5c7cb,DLBCL11563,Tumor
f5f0788e-2a44-4a4c-bf26-ddbb239ddbb7,e6403655-ebff-4718-8e10-b3cfb9879fe7.rna_seq.augmented_star_gene_counts.tsv,4224261,b0a613b9-6f33-47b2-a1b5-916b04f08e34,DLBCL11213,Tumor
7282abc8-1267-4ea3-975f-f6a04b8a9372,94e5033b-9406-4adb-98cf-17002c87cdc5.rna_seq.augmented_star_gene_counts.tsv,4237018,c86a4ebc-3bad-41f8-a7c9-c2656e36a10c,DLBCL10920,Tumor
8e766dba-f0e4-4b50-b74c-8ab784f0e373,c0047464-e029-4346-a0d0-9f1c0de4a592.rna_seq.augmented_star_gene_counts.tsv,4223333,c93d8f7b-da17-4846-bcae-1c3e42f34791,DLBCL10458,Tumor
aec5826f-55b9-4cd4-8672-2546764ef67f,190d4736-a771-4b97-bbf8-2f75792bd15e.rna_seq.augmented_star_gene_counts.tsv,4218992,c96849ce-0509-489e-b6fa-e17b4d865003,DLBCL10935,Tumor
1299cbdb-46ec-4f79-97c8-fa73a28dcf9d,6d527db2-8af1-43bd-bec9-95dadd0f5e53.rna_seq.augmented_star_gene_counts.tsv,4190150,bd863c43-bb5f-4077-9ab9-20dcc6e42822,DLBCL10564,Tumor
04024226-0bf0-4620-9c09-0e38cc6f17d6,db8b6079-d896-4425-9ccc-0a8463ba8388.rna_seq.augmented_star_gene_counts.tsv,4230728,cb510f8d-0378-4362-a352-d7231ffec5e4,DLBCL11676,Tumor
a075a82d-66ae-491f-9e24-3458eabed78a,df9dca5b-dafe-4f17-a13c-715ead03553d.rna_seq.augmented_star_gene_counts.tsv,4250578,cbd1412a-d9d6-4f7f-9aae-4aed217ed24e,DLBCL11589,Tumor
590c65ab-dbd9-4ea9-9dd3-ae05e299410d,e7400950-2ee7-46d1-a6a8-01393d1975dc.rna_seq.augmented_star_gene_counts.tsv,4229131,bf058ed5-fb68-4d5b-b89b-0c90ac3b25ef,DLBCL11185,Tumor
77e60ee5-d16f-435c-ae90-9ccdb58c42d2,560dca9a-0027-493b-9809-dfeb4cdfe881.rna_seq.augmented_star_gene_counts.tsv,4244094,cc0c6496-f74d-4cac-8ded-5a9f2fcbc601,DLBCL11673,Tumor
f23d4a35-5e95-4729-8f0f-f515be78fcfd,6522b0c1-f3bd-4b6e-9692-34a9a808c4a8.rna_seq.augmented_star_gene_counts.tsv,4244238,bf833ae7-e364-4b51-8981-adb55ea45569,DLBCL11201,Tumor
608a7d82-73e3-4bf9-b7d1-5feb1d2d872a,1f98d630-7b37-415d-9b47-f1ec6ab3cee5.rna_seq.augmented_star_gene_counts.tsv,4226458,c15956cc-8a89-45da-b867-adfa59e0e0dc,DLBCL11001,Tumor
22c3b65b-fe92-47da-a697-14f924b811fe,92802df7-457c-4812-b847-f7f170b905d6.rna_seq.augmented_star_gene_counts.tsv,4241981,cccf1ab4-13aa-433d-933b-2fa2baf0349a,DLBCL11485,Tumor
ebbc89d1-b259-4b2f-84c1-ab9810a21aa2,03860cbb-8dc3-47a3-9077-03e9a979a627.rna_seq.augmented_star_gene_counts.tsv,4174376,cd4f3660-6184-4c90-bae3-0ed05ee272af,DLBCL11572,Tumor
67be444d-3be0-451e-b1ab-647822d81b4f,a876c42e-d021-419a-ae23-6ae056677cbc.rna_seq.augmented_star_gene_counts.tsv,4238966,c1b07bfa-d234-42d6-8a41-97b7a7924f0d,DLBCL10954,Tumor
d0aaec15-c698-462a-8489-909b41b8375c,8f0ff721-3027-4d19-a9d5-84ca209b12ce.rna_seq.augmented_star_gene_counts.tsv,4241812,c1ba5bf0-2ba9-4116-9352-7d264854ab36,DLBCL11449,Tumor
9b7f2166-89d5-4bed-a5b6-54a27b19a4d4,c9c457e8-a06d-419b-a438-7c7404531a12.rna_seq.augmented_star_gene_counts.tsv,4233497,c3651513-c85c-47b9-9dad-240457f3cff1,DLBCL11506,Tumor
a9fe6faf-77d1-4449-aef4-68f1bb7ac9d0,3ab6239b-7a2e-4aa8-ada4-b9ff7d9e3491.rna_seq.augmented_star_gene_counts.tsv,4231249,c38005c5-73c1-4572-b1a9-fc366f1a858d,DLBCL11451,Tumor
c068f6ac-a9ab-44b4-afb5-d09634c86661,c8651632-4b93-4639-8885-c3fd5798fd18.rna_seq.augmented_star_gene_counts.tsv,4233583,d095498d-8c58-4015-ae38-8756802bf83e,DLBCL10961,Tumor
fe4d2dd4-13d8-47f7-b528-4fe82ff46fd8,64f65332-d0f0-4a5b-ba3c-64342cdcce7b.rna_seq.augmented_star_gene_counts.tsv,4226272,c39ad2b9-f01b-4506-868d-3a94fb5eff04,DLBCL10997,Tumor
4a3664f3-229f-4e77-91ea-a199bce63b7e,12b319f1-e415-4050-ab26-77ef1c2a3d43.rna_seq.augmented_star_gene_counts.tsv,4219773,d327f20d-bcd0-4270-bebc-fde8727b16cd,DLBCL11511,Tumor
a3d8f663-270c-4cd4-8284-67336c203ac7,93d0a806-0618-47d0-ab5f-64532bba2a41.rna_seq.augmented_star_gene_counts.tsv,4233661,dec2bb82-f94a-4f40-86c4-b4721faa4961,DLBCL11515,Tumor
352bc83e-27bb-4aae-87fb-564dcd7c8f0b,358de7fc-ecc3-45a0-9d67-ee9eda0e092e.rna_seq.augmented_star_gene_counts.tsv,4205624,d5511340-6c16-4bb2-81e1-e237d1da6bd3,DLBCL11664,Tumor
350062e8-421e-42dc-8793-e1e8ef1bb3b7,2520310f-6709-40ab-b391-16fd3add6583.rna_seq.augmented_star_gene_counts.tsv,4207203,d6120e89-b65b-4e28-a18f-927c2d01a232,DLBCL10456,Tumor
ba885a44-69f8-4bab-8b76-3ffed9f38562,2a5f1de6-d9d7-4fbe-b7ff-94b6edce7cd5.rna_seq.augmented_star_gene_counts.tsv,4239171,f744773a-c245-485c-b60c-e1ce88f333ec,DLBCL11507,Tumor
55dc38e5-7227-4eb3-be26-ff54c3edc03f,e26d83d0-30a0-44e2-867e-e0970fefc96b.rna_seq.augmented_star_gene_counts.tsv,4230609,d70822fa-79e9-4435-9000-af54bea594cc,DLBCL11504,Tumor
205872a7-f4b0-4383-b76b-d9122d180e49,c7ea6b2d-a6d4-4dc4-a827-3083b68eeea8.rna_seq.augmented_star_gene_counts.tsv,4211309,df4e44e8-d159-43a2-94b6-0dc7f875e98f,DLBCL11680,Tumor
e140fb2d-a998-4416-8e2a-e12388c010cf,838c01ed-7609-4392-b8e2-b725cd589a8b.rna_seq.augmented_star_gene_counts.tsv,4220842,f8ce7711-625c-4ff3-bfd3-d985e3a41da7,DLBCL10957,Tumor
b4ff16ff-eb2b-4bad-ad77-87737c31b84b,e9521f2d-64db-4138-b481-fef845196ed7.rna_seq.augmented_star_gene_counts.tsv,4232729,d8bfdf0b-a602-4303-a22f-14de6c952542,DLBCL10451,Tumor
b0576a88-8656-418b-95b2-d6ed5c33eea3,7778fa86-c797-45a4-99c4-fd91077646db.rna_seq.augmented_star_gene_counts.tsv,4228372,fa7ae84b-e04b-4719-b796-8aecff7e55f2,DLBCL10985,Tumor
aca55451-dd55-4351-b059-e6c73cd0ab61,0165d288-c7b4-4579-8a0d-07c8c5d7602b.rna_seq.augmented_star_gene_counts.tsv,4246914,da6b1a46-fdf3-4d35-ac21-ec696c939510,DLBCL11655,Tumor
8f9e7ecc-bb0d-483c-bf02-f8e9bfd10bbf,047ad9c7-72e6-4e6c-9ada-419199da8129.rna_seq.augmented_star_gene_counts.tsv,4221567,e45da2d6-4edc-42ff-a136-bbc61582a206,DLBCL11188,Tumor
5e1eff3c-0bb2-4c21-be94-b722a55663c8,8aaaa992-194e-4ca9-ae6b-79ff9dfebae8.rna_seq.augmented_star_gene_counts.tsv,4235086,fab27c4e-5193-4693-8d3a-f776367eba46,DLBCL10964,Tumor
4aa1eadd-3934-470c-81e3-e25a3649d405,e0b5346f-1a6a-4048-8d74-0c63ddfa5e10.rna_seq.augmented_star_gene_counts.tsv,4226821,dcb9b792-17b8-4146-b715-a709bd845a07,DLBCL10925,Tumor
74fdd4f7-2866-4103-ae31-3612c6e6d82f,3e12a6bc-62ad-49bc-98fc-f7fcb296fe56.rna_seq.augmented_star_gene_counts.tsv,4238196,dd0612ae-ea06-471c-8816-97a12b05a188,DLBCL10872,Tumor
73141deb-2489-43b7-a5ac-2753b7ab1c2c,1775288e-76f5-468f-9de2-3695f35aefcf.rna_seq.augmented_star_gene_counts.tsv,4228594,e48c9c39-991f-4607-8c50-06c1d281e201,DLBCL11672,Tumor
f9208fc2-26b8-47df-a957-f03f7ba9e098,ccd2020e-be44-4351-9120-7a294ad440f6.rna_seq.augmented_star_gene_counts.tsv,4196540,e53a3991-bd7b-4c35-bb84-2e0b3b2dac16,DLBCL10491,Tumor
372175c5-d508-4b72-94d2-54c06fe3eebd,7bbdba54-d216-4826-b505-540c9b068ec2.rna_seq.augmented_star_gene_counts.tsv,4223820,e70f1e1a-0a58-401d-90f2-8a2541b6d8a3,DLBCL11005,Tumor
1b369da4-8d2d-4036-89e8-915003e3d834,79f87bc7-6f67-4650-be84-7beb0061d3d5.rna_seq.augmented_star_gene_counts.tsv,4218037,fca236c2-842f-40b9-9957-373adf581dcf,DLBCL11516,Tumor
99695cb5-d4fc-4df4-a606-d2a2ce53c69a,f83363f5-5e9b-4a67-93f3-43c982a0da1a.rna_seq.augmented_star_gene_counts.tsv,4206791,fd4c98be-f5ba-4fce-86e3-a0c16425a3a1,DLBCL11564,Tumor
1e91a2f0-449b-4cf4-b906-4617c4dfd514,57de356e-d2d3-4eaf-8bbf-29027708b380.rna_seq.augmented_star_gene_counts.tsv,4189924,e8ad3d63-432d-49c8-8b72-ccc9587bf680,DLBCL10549,Tumor
e66c2feb-a150-4184-b4c4-cb025cf521ce,da59dc13-382a-4152-886b-cfce849a89b0.rna_seq.augmented_star_gene_counts.tsv,4233252,ff16b702-cc50-40f6-8757-959132f6b962,DLBCL10520,Tumor
f9b17185-d2c2-4e78-a49b-87b713585495,4fa107cc-9207-4c10-b070-f75e18dc3349.rna_seq.augmented_star_gene_counts.tsv,4224359,eadc2019-814a-435e-8391-d58dbd4a9da6,DLBCL11530,Tumor
3ab84d54-de5c-4d10-b4d0-259fe23f72c1,4e684582-bf93-4ef6-a0b0-ec48fd9317a2.rna_seq.augmented_star_gene_counts.tsv,4189723,ffa815d6-32b4-432b-aa31-ba86b6a88124,DLBCL10541,Tumor
4af8f200-5f70-45f5-a7fc-018d963554a5,c8858f67-9e9c-4837-ac1c-5f9cb3d80015.rna_seq.augmented_star_gene_counts.tsv,4234265,15b380e1-d220-42b9-8613-18fcefccb0a4,DLBCL10984,Tumor
c70a6e72-891c-4f37-aff7-8be387c3c6ae,77a2b016-cff4-4245-aeb7-d7cdebea6da8.rna_seq.augmented_star_gene_counts.tsv,4220040,060c3a95-22d2-46af-b4b1-6903ba8e54e6,DLBCL10998,Tumor
3bea9807-7f70-4fe2-a749-b81554ed36c4,821724cb-93ef-4b4b-9b61-d548ae1589cf.rna_seq.augmented_star_gene_counts.tsv,4248028,06c247ca-9cd9-41e4-8d06-3c64a4a20fd3,DLBCL10852,Tumor
da4166ff-e792-474d-b9e3-bea336721bba,b78bd9ed-5948-4220-a41d-16ff0035c65e.rna_seq.augmented_star_gene_counts.tsv,4247945,15d51d32-af4c-419e-b9c1-7a20230bf2b6,DLBCL10487,Tumor
ee0383d7-1aa0-4d71-b117-c501adda8500,34fe52ce-d9fc-4e2d-b550-cc08bea3fd3a.rna_seq.augmented_star_gene_counts.tsv,4193754,07de2773-e7ff-4d2c-8af5-6d8ea8dbf1cf,DLBCL10473,Tumor
918c6bdd-2667-4b48-a2fa-627fd5f94022,b60a1066-aeb4-4f29-a686-2bcb92f03da6.rna_seq.augmented_star_gene_counts.tsv,4223235,08b0dc6f-21c8-4cf1-a6eb-3cb32e8a5f44,DLBCL11561,Tumor
5cfcdd08-e588-4639-bfec-7f18fb80e013,4c75984d-3821-4dd0-b807-d68499a8d0fa.rna_seq.augmented_star_gene_counts.tsv,4236586,17035c57-7b01-4e71-8c6b-dc0952113401,DLBCL10881,Tumor
116d7701-199e-45a1-8400-65cf645fbc81,84cc8679-fcc5-4e95-9c2c-5cf87312df57.rna_seq.augmented_star_gene_counts.tsv,4233204,08e4f4a2-72a9-45e5-a50e-eb17bcf78d34,DLBCL11492,Tumor
9da236b4-8764-4302-8836-a4baf73d7fbf,18952d7f-0be5-4b42-9a6d-b6c41b1bf7f5.rna_seq.augmented_star_gene_counts.tsv,4247346,1723cd2d-37cf-4a0c-ae5f-bfce2efe9292,DLBCL10864,Tumor
ae898a67-0daf-4731-9dc8-f8e9df2c112e,2db8100a-3d40-4003-b5af-2d98b14aac54.rna_seq.augmented_star_gene_counts.tsv,4235568,1723ef31-df5f-4185-aea8-bcf12077e42e,DLBCL10508,Tumor
28847ae6-9059-482e-a4bc-a317029df1b1,5fea1d4e-7fee-402a-916a-f07474b49617.rna_seq.augmented_star_gene_counts.tsv,4244356,0a1e5ad4-047e-415e-b0ad-dcb3637bfdaf,DLBCL10540,Tumor
ec30a2be-89e3-4c25-8096-90105001c890,725eae04-9bbe-47b4-9f53-86d73939e629.rna_seq.augmented_star_gene_counts.tsv,4232096,0b774349-0d43-4130-978b-9df382bd660c,DLBCL10479,Tumor
5f27431e-d8e4-4555-a73c-de7c05de3ec2,346965cc-36be-49c6-ba2e-8fe55623caa9.rna_seq.augmented_star_gene_counts.tsv,4213602,17d0d281-6f72-4842-9108-1c1ef2f9547a,DLBCL11517,Tumor
c577c8c0-96fb-4586-a9ed-b409a5d66746,1253bbe6-cdd2-44d4-8eed-80b769378f22.rna_seq.augmented_star_gene_counts.tsv,4173546,0c1b0e1f-f97a-4738-979b-48241b8719c7,DLBCL11002,Tumor
d92e1e36-4ac4-498c-8d23-13f4c641b286,a22f3dc9-625e-445e-b262-d70b2ddbbe22.rna_seq.augmented_star_gene_counts.tsv,4229798,1922ea89-a8b2-48d9-b3b7-cf94f9f135c9,DLBCL10955,Tumor
9e87bee7-59da-4c99-97b2-60b3afc2721b,ed457a36-8637-48fd-98ec-0faf55ed9de7.rna_seq.augmented_star_gene_counts.tsv,4220402,0ebf20b5-2155-49e3-8ef8-752ec88ffa82,DLBCL10945,Tumor
ab7fb8c1-08b0-4625-987b-049da3d99718,8d04ff5a-965b-4f2b-9cb1-a4c977609719.rna_seq.augmented_star_gene_counts.tsv,4233785,107810af-adb6-4fc5-98d1-9af9fba4f111,DLBCL10467,Tumor
bb4a4f50-1013-41e1-a9ad-3b7695e5ebef,db6d4793-0bcc-4f39-8325-1f5db9703719.rna_seq.augmented_star_gene_counts.tsv,4240355,1aebf113-72f5-4afb-a446-4ef1bf79d37f,DLBCL10912,Tumor
3ef45d6b-bfe9-475e-ab87-9bd1f07d2ad3,0d843f86-6943-4290-bbe4-511a299a0949.rna_seq.augmented_star_gene_counts.tsv,4235041,2c2b79da-909b-4bd1-bf3d-f0d8469380ac,DLBCL10979,Tumor
f75ac0c1-5de9-4d6f-9d58-f424ae44fcfe,0edf47fd-f573-48bd-9463-295758434969.rna_seq.augmented_star_gene_counts.tsv,4226307,109dd03e-ade9-4f17-9afc-63f9d62c3167,DLBCL11441,Tumor
59a97dc6-aab1-48a2-9ef5-c3b0284d4a66,d39cc490-b37d-4a8e-962f-2bf9038c461b.rna_seq.augmented_star_gene_counts.tsv,4243884,2fb8d13a-34f5-4261-97b7-b1a251157665,DLBCL10455,Tumor
e9ffcc2b-6306-451a-8ff5-552ae18253b8,5200782d-083e-49f6-989a-06851078a695.rna_seq.augmented_star_gene_counts.tsv,4227094,1c54a540-881a-4f87-9995-79fe5b5b02c5,DLBCL11004,Tumor
fbc931cb-6945-415d-8d26-e1685189ce9f,4349d5b8-985e-467f-8904-1a8925ca8897.rna_seq.augmented_star_gene_counts.tsv,4198423,11bfaab3-7613-4dec-a504-dec5b2f4075e,DLBCL11196,Tumor
34f2cc1e-8ac7-4475-8619-be93924d8790,132129ff-f99d-4e50-8e05-cde1430fd995.rna_seq.augmented_star_gene_counts.tsv,4240213,1208cada-aae1-464b-b821-e367fccdb871,DLBCL11475,Tumor
1ab84d76-7c42-42dc-a1e3-42e84272307c,7d11f73a-a8c7-4f73-9f3f-2f433bd1acc7.rna_seq.augmented_star_gene_counts.tsv,4235764,2071cc73-28f8-4b7a-9a2e-0d959e605255,DLBCL10952,Tumor
06cc74d7-33cd-49c3-ba78-7e4c5f327d9a,67287d69-2a01-4cc5-a481-0ef4518f48d6.rna_seq.augmented_star_gene_counts.tsv,4202300,5f8ad989-da37-4049-be37-ae28cff6c8e3,DLBCL11558,Tumor
1cc13254-9820-4338-b7b3-e562c9c00949,57b0b717-ee56-4f37-919d-416a3d3c1c95.rna_seq.augmented_star_gene_counts.tsv,4236030,28e7dff2-5453-4526-b437-fdbd7a99a086,DLBCL10839,Tumor
83d49c6a-4058-44dc-8501-20a40ac8095e,ba8b3ea9-734d-4ebb-8248-0283ae9ff268.rna_seq.augmented_star_gene_counts.tsv,4231996,5fb8bb0f-cf23-4696-a478-f62e846c2c56,DLBCL10987,Tumor
48fdb0a0-465a-4f86-81a3-de66101bea6e,dacb4e9b-59ed-482d-b2cd-0cd1903c4eb1.rna_seq.augmented_star_gene_counts.tsv,4240022,4c3f0457-351c-4dbc-92ef-49dc00859f41,DLBCL10880,Tumor
406224f9-45f5-4a42-820d-d32649468685,242f9808-dcfc-4d86-a610-a02b3aae92b9.rna_seq.augmented_star_gene_counts.tsv,4244499,4c668b9f-047f-42d4-b978-1d5c1070a106,DLBCL11467,Tumor
afa83710-baa2-439d-95d3-1f8731ce5431,cb3ffe2c-e6e6-454e-abf8-9255bdf181ef.rna_seq.augmented_star_gene_counts.tsv,4242770,3d3e93a0-56bd-43a6-9810-f97240e88247,DLBCL11540,Tumor
b8613167-7cad-45af-9b81-5b6c96d2e4ce,bfd44732-4ec8-45f2-89d6-12793902206d.rna_seq.augmented_star_gene_counts.tsv,4221378,4d39e915-9d1d-4c0d-8243-4bc1b8d08427,DLBCL11596,Tumor
e749171d-a74a-4719-9483-c306534b6256,e3ce8573-7b90-47fd-aca0-052018eb5259.rna_seq.augmented_star_gene_counts.tsv,4243240,4d99534b-4266-4a36-8c45-57099b4c4a2f,DLBCL11477,Tumor
e1abc56e-95f8-4d79-9fc5-e41c53a85509,e271473a-f86d-474a-9227-1966d35f130a.rna_seq.augmented_star_gene_counts.tsv,4236796,3ea45493-2198-4e77-8c4e-614bfd4d506e,DLBCL11471,Tumor
8a7c501d-d038-444b-81e9-336204fb65a3,dba147f6-cd6f-43cb-b5be-670372466548.rna_seq.augmented_star_gene_counts.tsv,4210647,623ec217-6a16-4802-9568-17c0ff376605,DLBCL10552,Tumor
67c652b8-37a0-47f3-b4e2-a2dd63598eea,12a3ade3-76b3-4685-be4f-aabdfb87745a.rna_seq.augmented_star_gene_counts.tsv,4248028,624dc2d1-89b6-4121-9e0f-1d513cd134d1,DLBCL10908,Tumor
5a776b39-66c1-47db-aef1-1f3c29acf9b4,a1f545a6-98ae-42cc-b5f1-6764ecd3412a.rna_seq.augmented_star_gene_counts.tsv,4251378,40eb65cc-0486-4e4f-832b-19b532b35ccd,DLBCL10907,Tumor
5625c987-bb07-4cc5-86f3-4e51b34f2b72,1f21942e-32ac-4c8b-b11e-cff870ab35de.rna_seq.augmented_star_gene_counts.tsv,4226615,629722ec-86c0-46c0-8a62-53cda1cdf140,DLBCL11443,Tumor
1a84acda-4d35-4615-a128-50e20a32029e,ed7b092e-e272-49e5-a98e-eb2240428af0.rna_seq.augmented_star_gene_counts.tsv,4238966,415b54c7-e838-4dde-a350-8ae1c46834ea,DLBCL10972,Tumor
55e415cd-99c2-4958-aa45-8d7125f1d0ef,4107fba6-5d78-49f6-bf9a-8afb7e24bb50.rna_seq.augmented_star_gene_counts.tsv,4179237,71f83204-9f21-42de-a45d-78b1ea7443d9,DLBCL11595,Tumor
4320a991-809f-44c5-8b0e-9d28657ca2e3,aa39e862-1938-4030-9730-80045f546482.rna_seq.augmented_star_gene_counts.tsv,4217856,502616ef-c084-4ffa-bab8-8f53b0202f5f,DLBCL11197,Tumor
062f1527-33dd-44e4-a34f-51ebbf6c486a,f074b115-ca24-41d5-b0f2-353c48120cc8.rna_seq.augmented_star_gene_counts.tsv,4220071,436d1d68-131f-4f9a-b450-e4f4b03b9070,DLBCL11576,Tumor
be6fb0aa-4aee-45fc-ac92-d3022a5867b6,bb376659-02ff-46f0-81b7-5746779925f5.rna_seq.augmented_star_gene_counts.tsv,4236778,745edeaf-4eaa-459f-a1ce-c0ec98b52dbb,DLBCL11537,Tumor
551c12c1-bfaf-4a83-af74-8c0fc9bf5642,3b9d7ca3-a53e-41c7-be6f-a12b5a3734ba.rna_seq.augmented_star_gene_counts.tsv,4230311,54073f5b-3499-4b4d-9aa0-150dee80e9c6,DLBCL10970,Tumor
1e1a979d-b33a-4f30-a46c-4542320be340,3699220a-8777-4a54-81e5-2cc8935c793d.rna_seq.augmented_star_gene_counts.tsv,4266573,65d86810-21d0-4b94-bc3f-b73addffd98c,DLBCL10850,Tumor
e0115b1e-2f3f-4b90-84a2-c73baa21a41a,c3502409-7888-4101-9350-ab1f2f08afbb.rna_seq.augmented_star_gene_counts.tsv,4240416,75a6761a-77aa-4ef3-94bb-90efb2219d31,DLBCL11440,Tumor
f2a66c6d-5de4-4085-8630-9c45684e5045,ff3bf9d3-542c-421d-8348-7dd8028ad944.rna_seq.augmented_star_gene_counts.tsv,4237463,55bfed18-6631-4627-8e81-693e754755a3,DLBCL10902,Tumor
3e3a9cfb-9686-43ce-a152-9067668a72cd,bb30b116-c3be-421d-b3c5-25fe6d26364b.rna_seq.augmented_star_gene_counts.tsv,4239263,764e6041-d5cb-4b2a-8505-7c6870984681,DLBCL10837,Tumor
7b83b2e4-8ae9-4e79-b863-abec3bc3fc79,60f7d5ec-cbd0-450a-80aa-4047766c3f7c.rna_seq.augmented_star_gene_counts.tsv,4226185,76784ff1-4c7f-4644-9d62-7dbf1ae39dab,DLBCL11454,Tumor
94223251-377a-4deb-aeac-2d7e1493a938,5b6d6780-3541-45e3-86dc-519c4e31301f.rna_seq.augmented_star_gene_counts.tsv,4225545,771a01cf-f36e-4306-917c-5d28530f3a0b,DLBCL11257,Tumor
2dd67e14-356a-4e96-bffe-d0079a674ded,f750e0e2-74b7-4b8d-bb20-cfbe6f8c614e.rna_seq.augmented_star_gene_counts.tsv,4233531,696c2ae5-6da0-46d0-bf4b-b8fcc8ea3d2b,DLBCL11458,Tumor
b68d26c1-1669-4b9b-a93d-8d36c38d69cb,e9061509-d153-4823-b733-944399f4febe.rna_seq.augmented_star_gene_counts.tsv,4240369,595fd9e4-762e-4e4b-8a4c-45ffd0c54601,DLBCL10918,Tumor
e513ebbc-42e7-459b-8734-c82e3926c42d,6b5eccea-317e-4d37-aeb1-4192724046a0.rna_seq.augmented_star_gene_counts.tsv,4244303,6cd4c7ad-bc31-4215-87bd-04509ca34eda,DLBCL11679,Tumor
f166d3e3-8b06-4855-8599-eb114d90bcb8,7dd419a7-4624-48fa-b7fe-6d74ab668ff5.rna_seq.augmented_star_gene_counts.tsv,4230878,6ceae0f0-e417-4e80-99b9-6d5c9e776165,DLBCL11445,Tumor
c8699cf4-c3fc-42c2-bfe7-5f6376156941,b663bad3-8b79-46ef-a894-60833cd18869.rna_seq.augmented_star_gene_counts.tsv,4239612,7ac79db4-b307-46be-ba2c-b1731c7f97f0,DLBCL11206,Tumor
8853e490-490a-4347-a05b-0d2141747537,526a8cdc-c74b-4cdb-a255-9f8fff92ea3f.rna_seq.augmented_star_gene_counts.tsv,4206578,6ea75e2e-80eb-4a43-83bb-37bdd05b205a,DLBCL10472,Tumor
6c02c7a6-46c6-4f18-880b-efc16c9e604b,161ae100-182c-4056-b4e1-f9de68f32bf3.rna_seq.augmented_star_gene_counts.tsv,4233932,8aa36545-1279-4e9c-8e8b-c3b17f9baed9,DLBCL10869,Tumor
8cab4008-aadf-4070-829c-5deffee4d996,41376c18-de18-470d-9ce1-56f3bf4ea240.rna_seq.augmented_star_gene_counts.tsv,4199702,7f9a1199-0643-47a0-8112-00f3e7bc3173,DLBCL10539,Tumor
691d5723-4fa4-4223-bf80-ee99719c2927,eec2e18e-3d9d-43f7-a570-0f45ecb6aeeb.rna_seq.augmented_star_gene_counts.tsv,4214466,8ceb57bf-d0f0-45d3-9843-1e115000e6d7,DLBCL10948,Tumor
146c53b9-abb4-4121-bfa7-2a8a074ed0b4,55a2590a-da07-41a8-a1b3-d93e55f146e1.rna_seq.augmented_star_gene_counts.tsv,4239075,80e32778-72ac-4555-b44a-eeb91a7d8da8,DLBCL11538,Tumor
1772e775-9142-4915-ba38-1f788f7ca7dd,59e5c865-1c29-4139-8568-5418f5e23f8d.rna_seq.augmented_star_gene_counts.tsv,4203322,7025007e-fbf5-41f0-8020-d87f4afba26e,DLBCL10497,Tumor
30272fb4-3c8b-471c-b745-630f19bbfa8a,62a59a3e-25cb-47fd-be82-137d13f16a24.rna_seq.augmented_star_gene_counts.tsv,4220707,8e07a747-148f-4b49-931f-916a7f9585fb,DLBCL11486,Tumor
fe5b975c-fea2-4d00-bbc3-817365d9f556,d3d47702-aa97-4ac5-95e2-1d4af89553fd.rna_seq.augmented_star_gene_counts.tsv,4229177,7059a096-b0a4-49e0-8284-ea10d87f8927,DLBCL11186,Tumor
02a534ed-6877-476a-90a4-ebed2304977e,70496c29-a52d-4974-bcbd-f859b26a26ab.rna_seq.augmented_star_gene_counts.tsv,4246812,8ecfd706-3f1e-4ffe-8821-a359a261a8af,DLBCL11497,Tumor
8063a081-9502-4b6a-ac0e-20e663c08d59,051f497f-cb52-4acc-9763-56d20c0e2d73.rna_seq.augmented_star_gene_counts.tsv,4238508,91fbbb27-b38e-4025-9b9e-0f0266c87659,DLBCL11669,Tumor
80b11edb-02f7-409f-8f4c-9ad27a64e2eb,8411a886-c7bf-48a0-801c-9143f0bc3b26.rna_seq.augmented_star_gene_counts.tsv,4231681,70e5ff1e-76bf-48f8-8417-ed17f913041b,DLBCL11428,Tumor
e365c260-4e1d-4fbf-98bf-993f6f4cfa7b,f1df0929-8191-4d88-9d01-160343e973fe.rna_seq.augmented_star_gene_counts.tsv,4247812,71f2effe-fcc6-4477-8cb8-d36da7581d75,DLBCL10885,Tumor
3e7f1d8b-18d7-49a8-a90d-d3f2f27ad98b,00cdd6cd-3d82-4fc0-897f-898818677165.rna_seq.augmented_star_gene_counts.tsv,4228625,87562a7f-1b98-42c6-b859-ab1c71b8cf05,DLBCL10986,Tumor
96e78398-b364-4669-8cd0-532cabf84957,1686455f-009f-4b7b-8143-eb8febcb3bc6.rna_seq.augmented_star_gene_counts.tsv,4253065,9639bad9-c33b-487b-a40d-3ffba3687ae2,DLBCL10915,Tumor
887f8feb-8abe-4c6d-ae5f-824c4be2dcbd,3022ab61-6acf-4e78-9155-effa3e70bdf8.rna_seq.augmented_star_gene_counts.tsv,4232964,a52f3ec1-80ec-4660-acf4-e80667a23b88,DLBCL10857,Tumor
38181aa4-6043-411b-a2b2-6f767a07fca0,a5e1e7bb-aef9-4ff3-98c3-1c4049cf67ae.rna_seq.augmented_star_gene_counts.tsv,4217709,9683c2a2-1506-419e-8a26-c073774616ca,DLBCL11205,Tumor
9eb8870a-7b9d-4faa-b116-9c8b95184781,9d263b2e-e47b-4172-9af1-3747d8b9514a.rna_seq.augmented_star_gene_counts.tsv,4240991,a55589b3-1b68-47a5-818a-b2d1d819b800,DLBCL11460,Tumor
31c4da54-11a7-4816-8751-5f6160d763b0,173b0f09-b1e6-49c2-9c9e-b235b07431ba.rna_seq.augmented_star_gene_counts.tsv,4220359,895c8796-cbb5-43da-9a28-584dc7e22cf6,DLBCL11674,Tumor
e07fd35b-6d2a-43a2-8a1a-ba93b3a00f8e,e78dd16c-ef19-412d-b3ee-3a53f23a1c8a.rna_seq.augmented_star_gene_counts.tsv,4235510,9973bf97-28fb-4c6f-92cc-2a4d378e8bc2,DLBCL10518,Tumor
f14e3b71-c60c-4ebb-ae45-af970b32114c,93eb5ad9-f99a-4912-87e1-1a47c3d7a225.rna_seq.augmented_star_gene_counts.tsv,4244090,9a91e018-4881-4fc8-a8b3-aa44e30f5082,DLBCL11481,Tumor
0cd4cb36-9fda-48da-8e1d-bb9e32771461,d7217da6-3aaf-44d2-80c3-e454c7624fd8.rna_seq.augmented_star_gene_counts.tsv,4218653,9aa2a629-6776-41c0-8202-46cf141abeba,DLBCL10452,Tumor
370ae88b-b7b2-4ed9-b862-67b8aa636a79,daad21a7-ecfc-490a-8810-8b50644495bf.rna_seq.augmented_star_gene_counts.tsv,4241182,a7f9ad5b-d760-4b25-9c94-701499320108,DLBCL10905,Tumor
a21fd4b8-1266-4743-9372-dae63e77e174,6277dd2a-93df-4504-8256-d378532103b9.rna_seq.augmented_star_gene_counts.tsv,4235851,9d953fe6-caa2-4286-99e8-9b5e32a4d90b,DLBCL10454,Tumor
80ade27a-9594-468f-8754-4fd450a16f67,2b4da08b-b404-4781-a922-c812f8fa6511.rna_seq.augmented_star_gene_counts.tsv,4232079,a98bac71-2a1b-4edc-bbd4-6ba1272856a6,DLBCL10486,Tumor
d091bcf3-7687-40b4-93cb-99b04ea2cab3,6e4e4478-e04f-46df-8df4-5566754a37f8.rna_seq.augmented_star_gene_counts.tsv,4201674,9e2abda5-dbc6-4eae-a251-8f8ec6968864,DLBCL10538,Tumor
23c34372-335b-4734-a6f3-327e7a1c485e,78e0ce9f-7bc0-433e-92cb-119a96cb6c38.rna_seq.augmented_star_gene_counts.tsv,4223008,9e5de9f8-a791-436d-869e-3ace7d4cafea,DLBCL10496,Tumor
86f66256-0d90-4ace-85cc-a28bf62e9ef3,9b9edd4e-4b40-438c-8199-e986579d7d88.rna_seq.augmented_star_gene_counts.tsv,4233182,ab7cc44c-fe1a-4855-a6f7-b1a9fad003d2,DLBCL11682,Tumor
4de099d5-daa0-4b59-8b51-91b911592aed,cfc97b62-69e3-46e8-b710-70e7d12bbc80.rna_seq.augmented_star_gene_counts.tsv,4244560,ac5bb142-4dfe-4073-b1b9-f63674e26c0d,DLBCL11677,Tumor
a8bdb8b2-e7d3-4a8f-b0cf-280089e76039,46a69f53-6d84-435d-bed3-c3e7ae617b17.rna_seq.augmented_star_gene_counts.tsv,4238702,9e94431e-d9ba-438c-98de-de5e3e56e668,DLBCL10960,Tumor
c3d4b7c6-b4bd-4754-8a9a-da478150e354,945671ca-7ec1-42ce-b908-d3c0b9501541.rna_seq.augmented_star_gene_counts.tsv,4213137,9ee8b207-6044-4119-b71a-af23bb86da64,DLBCL10480,Tumor
c05b9787-6027-4916-9a8e-adf7732f33f0,770c6bfe-8f0c-47b4-a933-a6ba95080882.rna_seq.augmented_star_gene_counts.tsv,4223332,af609a9c-0c4f-40da-a802-e31363dcf80d,DLBCL11542,Tumor
c463b3f0-dc98-45b4-a9d2-7cd76ee4c7cd,a161aca1-7fc5-44ad-b00b-805b25b3ae8e.rna_seq.augmented_star_gene_counts.tsv,4227137,c7a9adeb-0994-4375-96e6-0ddf92c55bb3,DLBCL11508,Tumor
21d52a55-af33-4f54-9077-6ffc2c42068d,7f275f26-a853-47d8-8440-2417cbc0733c.rna_seq.augmented_star_gene_counts.tsv,4230114,c86224f1-ddb0-4ae0-97b9-750dfa822e04,DLBCL11444,Tumor
24ca1eda-ee0a-4699-82f6-053615746fea,6c717828-b540-425e-b35d-94be8945eb23.rna_seq.augmented_star_gene_counts.tsv,4242395,b31ef325-86e3-445a-a331-c9f5a05d058e,DLBCL10921,Tumor
6631d38c-b8d9-4260-aa70-cbba105ba428,13d61e07-7e7b-4aff-a23e-8146acda252f.rna_seq.augmented_star_gene_counts.tsv,4221059,b4cfe75e-e1a1-4fc9-878a-10d784f13ac7,DLBCL10962,Tumor
09021830-edfd-42fc-af5b-c4ccb89b93c6,e8492d2a-9919-4dfd-91b8-36ae0bfa2b8c.rna_seq.augmented_star_gene_counts.tsv,4232049,c86f91c6-71c1-495e-adbd-f3a08f2b7bbd,DLBCL11493,Tumor
0dae192a-d758-4b76-91ef-0167c0b10d64,b285ae9a-e085-4a00-a1ec-ae29c7e3e1d7.rna_seq.augmented_star_gene_counts.tsv,4234773,c8cccf7c-bb20-44d8-8122-afba0b1cdfcf,DLBCL11568,Tumor
851cfd0d-86de-4eb0-9936-3a399833b84e,03275561-1c30-4198-924b-4ba662c26349.rna_seq.augmented_star_gene_counts.tsv,4240049,b5bf47f4-63b9-4496-8cf5-0c4d9162bb7e,DLBCL10876,Tumor
4995acaf-1288-43ac-a5d3-e48e12446b13,0b70353a-2bcb-43ce-b8f9-12106e6bf1dc.rna_seq.augmented_star_gene_counts.tsv,4229708,b808deda-fd22-4498-892e-62a937a8d818,DLBCL11182,Tumor
5d08a77a-1633-4f8b-b9b5-7877a99bd280,abd08122-999c-4d7b-980d-41fdd84e7ca9.rna_seq.augmented_star_gene_counts.tsv,4229546,b98ee114-d690-4529-99c9-9ba5a54d0cc3,DLBCL10911,Tumor
7a50b88f-7680-440d-9b32-359c96dae1cb,2f051fa9-4dc7-4fc5-8e59-a8a670520781.rna_seq.augmented_star_gene_counts.tsv,4234701,c99aa9e0-746b-4b55-ac9b-5ec48ee5632c,DLBCL10856,Tumor
c1034fc8-0ddd-43a6-8cca-f73bd8272f5d,4f38c00c-b470-4a13-b279-0b52deaddf7e.rna_seq.augmented_star_gene_counts.tsv,4229176,bcaccf0e-0d0d-433b-aa7e-ec3236d7c6ad,DLBCL11208,Tumor
481effb9-5e3e-4865-835e-4645e05f0de0,5658bcfd-11bb-4656-b8ad-d0b8eab7bba3.rna_seq.augmented_star_gene_counts.tsv,4239467,ca7d1590-ac9c-4079-ba7a-55272ce3e0f1,DLBCL10953,Tumor
e3a407db-38eb-4fb8-bda0-c0fe369f213e,a1eba0e6-b9cf-4086-8437-34e7787101bb.rna_seq.augmented_star_gene_counts.tsv,4235721,bdeff9a5-8b9d-431e-b45c-d6975f7c8aab,DLBCL10974,Tumor
7868e22a-e495-4f80-a33b-f7a9d1404756,787c5ae8-bb75-4d36-990c-400b104d9a8b.rna_seq.augmented_star_gene_counts.tsv,4233329,bf4cddcc-af8d-41d4-9e7c-e523a2e560e6,DLBCL10871,Tumor
8f81cf16-0b29-4acf-9339-b9e3b3010750,04ac5912-69a5-438e-a04d-3fa4361e58b2.rna_seq.augmented_star_gene_counts.tsv,4221926,cc746e1f-bb0a-4437-8e97-46dc0aea153f,DLBCL10499,Tumor
217b99c9-b3d1-4edc-a754-721d7a6df242,a850b06f-27e7-4134-a4ec-29d18675a2da.rna_seq.augmented_star_gene_counts.tsv,4216580,c0ed616b-c551-4b5c-b37b-8bd974558d6b,DLBCL11665,Tumor
db7217a7-1456-45ef-9847-453204425b18,c443a1cb-d2f3-481e-ae52-135eb4d2853e.rna_seq.augmented_star_gene_counts.tsv,4235593,cca87de4-7a75-4a0f-8b88-5e15f89f02a4,DLBCL11488,Tumor
959d55a1-3c97-4476-ac57-c594b670752f,4c6bce5e-63de-4f99-a8d2-df8130f17e7d.rna_seq.augmented_star_gene_counts.tsv,4242024,c1840a21-97ef-4062-8ffe-232b98087f12,DLBCL11476,Tumor
b7aea6ce-6b72-4a22-9a91-45393cfcd4c4,b7ca765e-ee28-4a30-bb08-1b835b8389e9.rna_seq.augmented_star_gene_counts.tsv,4215588,cd844ff2-a283-4c77-bd4c-8e14ac64da15,DLBCL11663,Tumor
72efba11-6131-43ba-be60-133fdfe414c1,636c4f74-9838-4ac5-a20b-c67859b89f79.rna_seq.augmented_star_gene_counts.tsv,4210915,ddd53d82-cd1c-4466-8560-ff95249d41b6,DLBCL11242,Tumor
fba08bb2-e0d6-424c-8f1c-570488ab8f73,6320648c-8738-45b0-8083-fb8c086a4f11.rna_seq.augmented_star_gene_counts.tsv,4242892,c31aa4b7-126e-4220-9bdb-3fd192085c8d,DLBCL10844,Tumor
9dd2df37-cf80-4e52-9337-370e37c7389c,96b3ce3a-4b74-4d89-973e-60335894a579.rna_seq.augmented_star_gene_counts.tsv,4222176,cfeb6b63-aaa1-4b2a-9f6b-6ceef6332399,DLBCL10517,Tumor
a70d0dd6-aeb3-4f70-aba0-acfd386edc96,8e1d9370-35fe-4036-8cfc-631acb58b0f5.rna_seq.augmented_star_gene_counts.tsv,4185923,ddddcffc-9933-4054-b45e-06cfb48f166b,DLBCL11571,Tumor
d351fdb5-8309-424e-9d32-66bb45c54b90,0f3ce4a7-7e6b-49bd-b6db-d970ce15859c.rna_seq.augmented_star_gene_counts.tsv,4200547,c3820519-885a-4ce6-b524-b37e9523aad0,DLBCL10548,Tumor
37de54e8-b96e-45c1-91d9-3a2b73923b4c,b9a24f45-b53f-4da0-81ed-303bc8349e37.rna_seq.augmented_star_gene_counts.tsv,4236843,ddef426c-a251-4796-be8c-76ee19742526,DLBCL11450,Tumor
ce14d7f4-119f-48a6-8845-606f951f534a,a693ebd0-6cf5-4a13-af4f-469fb857da77.rna_seq.augmented_star_gene_counts.tsv,4231482,d1e7dbcc-d176-4230-a793-9ee410dc25d3,DLBCL11658,Tumor
eb673ec9-1c97-41b5-89cb-3dbcb466d7e5,6ccc6275-0f6f-4d26-a127-fe97da083050.rna_seq.augmented_star_gene_counts.tsv,4199478,de5c0c3d-e5e8-4ed8-b5b6-4529ddde699f,DLBCL10502,Tumor
724fd05c-9c42-444d-bae1-dc4589b4eb8b,d8f6c8ed-feeb-41f7-950a-6a0024574625.rna_seq.augmented_star_gene_counts.tsv,4239732,f5189b6b-3835-4a2a-b2d3-a3e9232c1a78,DLBCL11539,Tumor
7c958fbe-3020-460a-a381-e91cec9df869,e11a6571-108c-42a1-99ad-393f2156bbf4.rna_seq.augmented_star_gene_counts.tsv,4197025,d41f1cb1-3803-43dc-b4ac-85513bfff558,DLBCL10478,Tumor
71331d19-6973-4ebf-a091-77ea0dd90c92,1bfda114-e33a-457b-bd14-7372af21de32.rna_seq.augmented_star_gene_counts.tsv,4202486,c473c729-236f-4cdb-9f9c-f73c03cb6682,DLBCL11353,Tumor
852a3b0c-4e24-464a-93df-c162b70f983a,c0ca18f0-298a-4d2b-904f-932f7ad9f03a.rna_seq.augmented_star_gene_counts.tsv,4241366,ded86fa3-2e8a-40c0-868a-a11106f9f0b6,DLBCL10532,Tumor
760d6edb-7e57-46df-8e0e-a05c1254d86b,0d26f47b-44a4-4b79-8344-20b4e5258971.rna_seq.augmented_star_gene_counts.tsv,4224408,f565feb5-dc68-472b-9e57-ee269e251e04,DLBCL11446,Tumor
b14c1ff1-5a1a-462b-af87-247045769226,01d86da0-0104-46b1-b9a6-94f7db58c0dc.rna_seq.augmented_star_gene_counts.tsv,4207643,1385e4c5-ee4d-45e1-9fad-356b81a6d795,DLBCL11000,Tumor
372f3ebc-7a7d-4ef6-a4b0-279d7cf5f504,6aa42259-f9d9-47f2-ba00-67d5037bb28a.rna_seq.augmented_star_gene_counts.tsv,4270972,14d8ff2e-1fa5-4bdb-ae42-30a5ebcf4fa8,DLBCL11429,Tumor
10d46a70-10f9-4dda-98b0-ec11bbe52dba,212b7697-8420-4b3f-968e-26be574ae831.rna_seq.augmented_star_gene_counts.tsv,4241793,1509c171-a594-4b51-bbf2-b881e46fabda,DLBCL11184,Tumor
8852fd6b-ed8a-408e-ba98-5fd3a5c693eb,f455b81d-433e-4147-9825-060247e9de6c.rna_seq.augmented_star_gene_counts.tsv,4223070,47cd5508-b3c4-49da-a162-7ca51dd6281f,DLBCL10928,Tumor
56db0fe2-9fe3-4675-b9b5-561fa1ff9c56,282d593b-1cbe-4eca-ac63-5a798a3a30c9.rna_seq.augmented_star_gene_counts.tsv,4236330,340747eb-f6b3-4c89-9a0d-4dba6c8705ae,DLBCL10849,Tumor
e3e55979-a1b0-463c-b2d5-330ae5a1badc,fa1a9102-1522-4694-a3ff-e2ae0df7328a.rna_seq.augmented_star_gene_counts.tsv,4217123,341cb555-8812-4c75-ab8d-69f60f99beb5,DLBCL11209,Tumor
46313a76-03a0-4221-9e28-1dc362d01773,2903f90d-9e91-45cc-8838-3e99adcb270d.rna_seq.augmented_star_gene_counts.tsv,4225975,2472a5e6-3d50-469a-881b-0414a00882cb,DLBCL11523,Tumor
4f51cb4b-d489-418a-8596-c0e7bf35dfdb,e9c8c1cf-25a0-43db-bb10-14858714b835.rna_seq.augmented_star_gene_counts.tsv,4236794,25bb4b14-0453-42c2-931b-8c9e726444e5,DLBCL11662,Tumor
8a951e8a-200c-4549-a8ae-90f937cb5857,e0648931-8441-414d-af1f-247f24b90b6f.rna_seq.augmented_star_gene_counts.tsv,4228027,361538bb-9561-4679-89c0-5e9fa5a8de21,DLBCL11509,Tumor
da5c19cf-b514-431a-9606-89c09a8be6ef,ea2554a9-89a8-4b96-854e-f73efc0a6d07.rna_seq.augmented_star_gene_counts.tsv,4201072,48dee8ce-994c-4dbf-bcc5-f28cc2412cd1,DLBCL10553,Tumor
cd799eb4-82d8-4bd3-9cb6-bba61019645e,6599b06f-9ebe-45eb-99a4-48422f5c3c0a.rna_seq.augmented_star_gene_counts.tsv,4232548,262915ec-b731-478f-805e-8c5f125ac061,DLBCL10888,Tumor
ee32b4bf-0cb1-44df-b378-935e75737223,1114145b-6d7b-4ad5-836e-5ab727da63cb.rna_seq.augmented_star_gene_counts.tsv,4217414,49fbecb5-5ea0-4dd3-977a-d110d3b46c2a,DLBCL11483,Tumor
71c3e0f3-57aa-4387-933c-5c498ba41358,5e5d536e-8d98-4113-ba76-045ac165a4e6.rna_seq.augmented_star_gene_counts.tsv,4222525,286ea796-bc5d-42b5-a91a-a3368534d1a0,DLBCL11187,Tumor
3fcc7ef6-5d4c-4911-948d-45671671a4a2,82e73760-b0b5-4508-8313-aae52841b88a.rna_seq.augmented_star_gene_counts.tsv,4232371,37d01b76-3e1f-48dc-aa1f-766d91efaeb9,DLBCL11496,Tumor
43eb6daa-ad56-4551-9b5e-2e769d2ba305,30a965aa-7723-48d9-bbab-74212f9c2a96.rna_seq.augmented_star_gene_counts.tsv,4247968,4a77d732-bf1f-4025-b330-108822f329d7,DLBCL10535,Tumor
4be1d89e-09dd-459b-aebe-87c4d4133461,11306ea7-2373-49fa-a356-059e1c3b79db.rna_seq.augmented_star_gene_counts.tsv,4208860,39f97e38-a3ac-45ea-8dca-76298cb50603,DLBCL11684,Tumor
c2451564-15a6-47ca-8300-737ee536b430,b19de4f1-cc54-48fd-b2a2-5b50661a58c1.rna_seq.augmented_star_gene_counts.tsv,4214556,2afd74b4-fe86-485e-b382-9ebb3a6e777c,DLBCL10937,Tumor
dba51bd6-367c-4677-915c-ce589bc6143d,0ec4cf97-1d17-4a2a-b903-92b38a248044.rna_seq.augmented_star_gene_counts.tsv,4239530,6012bd60-c08d-4810-9a68-33230216ffbb,DLBCL11649,Tumor
5f6614d8-c78f-48cd-a9e8-ea2656fdc0ec,9de42b95-37de-4c83-aefd-b423315ff876.rna_seq.augmented_star_gene_counts.tsv,4243810,602d925b-4aa4-4f1c-a618-2354a30d1e6a,DLBCL11472,Tumor
0a5a8992-2bc4-47ce-ab6e-03ce103fa587,7c187403-b186-4b71-a4c5-417fdad3869f.rna_seq.augmented_star_gene_counts.tsv,4231421,608051b2-1662-4ce8-9352-d1ba491911c6,DLBCL10866,Tumor
46657b02-baf3-413f-987d-7bda96081362,c233db36-a9d6-44d2-a90d-37616f4a6e58.rna_seq.augmented_star_gene_counts.tsv,4216572,60c9f70d-e5bd-4e32-97ac-7ffd10e5ed0f,DLBCL10555,Tumor
6c9ba32a-9667-41e6-bcd6-00968073659c,476b3955-f294-4351-96c2-f24e5282b0ca.rna_seq.augmented_star_gene_counts.tsv,4212399,3d6ff947-83bf-4927-8d93-c6fa2b035a58,DLBCL11258,Tumor
968d39d8-8c78-4a4d-bd1d-e8f190d2a723,900e3ac2-abc9-46f4-ab89-d717c6db0062.rna_seq.augmented_star_gene_counts.tsv,4231279,4d45d10b-ab57-40f7-9cb3-379e1ecee47b,DLBCL10996,Tumor
ba17b606-3191-4abc-ad2e-247b79baa68e,adcf2099-9d20-4aa4-89ba-c5824bbd14fb.rna_seq.augmented_star_gene_counts.tsv,4197285,3e164d5d-afa0-4e96-b177-ea9fdf69da7a,DLBCL11667,Tumor
30ea2757-699a-4c01-ba41-d8b71d6d30ba,8862ceab-db96-4cee-aba7-19fbb294087f.rna_seq.augmented_star_gene_counts.tsv,4243585,61896e0b-5a7e-4230-8ca2-a1c84ca9ecd4,DLBCL10842,Tumor
4586431f-dc86-4ea3-b20f-3d806a256082,d3b41785-84a4-4eab-9d75-c245a0c99549.rna_seq.augmented_star_gene_counts.tsv,4240968,3fe9ecce-8bca-4e62-bf39-66a131736bd4,DLBCL11519,Tumor
d8cc9d70-4477-4db4-8dd0-ea5c18d78dbf,e8912206-802c-4eba-a0df-ecad176faa90.rna_seq.augmented_star_gene_counts.tsv,4251902,4ea3ef23-aee8-47a7-badd-854c8bc3dfb7,DLBCL11646,Tumor
119152c0-89f5-49c2-b160-fc3bfb0c8643,3e1230c4-0f06-4217-87ca-bebf3439adc5.rna_seq.augmented_star_gene_counts.tsv,4240489,41499c1f-de14-451d-aa47-9239f5622710,DLBCL10919,Tumor
d1595831-2f8d-4697-8773-90717a3340cd,dd35c6d8-b7b4-4154-ad27-510dd1359fef.rna_seq.augmented_star_gene_counts.tsv,4199593,4eb0f227-700b-4542-815b-91ea4075ec9c,DLBCL10565,Tumor
a47ca6c6-aaa6-415e-9fcc-df33b99520db,4dd166a2-3b9d-41dd-8cf7-09e48c01bc97.rna_seq.augmented_star_gene_counts.tsv,4226197,51fccc1d-eac6-410a-833d-40db800028ec,DLBCL10848,Tumor
b515fe4b-dbfb-4a17-94ed-de90034104f4,967a25d3-301a-4f09-ad69-667a82a211d0.rna_seq.augmented_star_gene_counts.tsv,4215737,63f41e7c-1dcc-429c-8e39-cce7d0cc07fe,DLBCL10459,Tumor
09c9011d-09d1-448d-b81d-6484476af1e9,72b2c1c7-e655-4d43-bced-c2220177e559.rna_seq.augmented_star_gene_counts.tsv,4230631,721bb645-641f-4c36-975b-d8c43f99b6cd,DLBCL10995,Tumor
04bb166b-4015-49fc-9abc-0a2e51fb1901,450be289-bdcd-4034-9c84-2bd442a9510d.rna_seq.augmented_star_gene_counts.tsv,4238864,5207890a-63c5-40dd-89b1-b8ef717584f5,DLBCL10843,Tumor
f7b4a592-1249-4938-9d84-9d61e59033d5,a439210a-c0e6-4877-9c2b-ba921bec9ca1.rna_seq.augmented_star_gene_counts.tsv,4242801,64f64171-6c33-4592-89ad-36079a58fdbf,DLBCL10910,Tumor
7027ca82-d4b3-4218-979a-9d618356964a,6cb0c4cb-dc1b-4230-9ef8-398988154338.rna_seq.augmented_star_gene_counts.tsv,4229271,73328fff-54b8-4a1f-8198-4b4d9ef1b1cc,DLBCL11535,Tumor
0b4d5d3b-b3e3-4681-97cc-50586197d43a,dd4072f8-998e-4d09-821a-e670e141efc2.rna_seq.augmented_star_gene_counts.tsv,4204850,65631b35-60c3-4deb-a702-47ca05f3c1aa,DLBCL10460,Tumor
f2890014-e76a-4da3-a4b6-40303d1d5ebe,b206fd3f-45d6-409f-b795-d7c566ce02a9.rna_seq.augmented_star_gene_counts.tsv,4189391,54e1a67f-78d0-4d3c-b67e-f1a943e7b3df,DLBCL10476,Tumor
00ac0e36-62c1-4eba-8ed6-2c83cf8c7ebe,c04a9122-7376-45f4-baab-805ae4ee596e.rna_seq.augmented_star_gene_counts.tsv,4230971,5524b2ef-3ebd-475c-ab01-866e7ce7af3e,DLBCL10914,Tumor
e7938d69-c6c1-4c25-a421-e46c520b9180,993b4765-69b5-450e-9410-9fb57f3554d5.rna_seq.augmented_star_gene_counts.tsv,4242099,55bff7ab-f2cb-40dd-bc3d-2ceefae085f7,DLBCL11480,Tumor
76a23ace-0428-430e-8a2b-5a907469b203,fdbcc14f-9011-4705-9938-92920a97ca0c.rna_seq.augmented_star_gene_counts.tsv,4233974,69548ac4-667b-4dc6-a902-ce9974261f2e,DLBCL11536,Tumor
7a0e1bd4-8a97-4644-93ad-e05065966866,4266b312-8336-486f-b74e-d309cecfc0af.rna_seq.augmented_star_gene_counts.tsv,4241475,56dbe6d3-ff44-4ef8-a5e3-9fadf8b6ea44,DLBCL11541,Tumor
726ce680-2338-4cf6-95de-b34eef273bdb,bb83a5b8-f99c-4c48-8ac3-5e85c76b1d6f.rna_seq.augmented_star_gene_counts.tsv,4229507,77bc0a3b-072e-47bc-aa52-68f6a0a3b533,DLBCL10988,Tumor
00ef35a6-dbf7-40d7-916f-7e058e0bd1a2,6ad05eb1-2143-46e2-9051-f73ac362e4a7.rna_seq.augmented_star_gene_counts.tsv,4249478,57b7a25e-02d1-45f2-b4da-331f9af7fbb1,DLBCL10889,Tumor
9bb7e2c0-08eb-4b7e-8c49-3e714e9294fa,205f1ce4-e545-4ab3-9b29-bd8bb24af8d0.rna_seq.augmented_star_gene_counts.tsv,4239204,795b40eb-4ad4-4bc9-a54b-14679d913da8,DLBCL10855,Tumor
5e62651b-be2e-4775-95a3-b82e26e6d263,fb0702ee-2958-4fec-91fd-d6c5ce179476.rna_seq.augmented_star_gene_counts.tsv,4258914,5afd38d5-9b9a-4407-b8bc-7671bcb0464d,DLBCL11656,Tumor
ee5c00dd-c146-4b0d-bc36-395a4decdf97,538fb508-9189-4f1a-934f-c34fc5a6b96c.rna_seq.augmented_star_gene_counts.tsv,4239542,7a1b78d3-b9e7-4f69-82dd-c6a68e10f00e,DLBCL10873,Tumor
35487909-95c3-4830-acfe-c9a424424c20,37189e3b-21ed-4877-8d66-051de99fa638.rna_seq.augmented_star_gene_counts.tsv,4228789,5b0a1db5-6d34-458f-9318-8c9cf20a630e,DLBCL10906,Tumor
50acf02c-1093-4284-867e-4a54cf4c0b5a,6264c6c0-f0dc-44b6-899d-61cc6a72a2c5.rna_seq.augmented_star_gene_counts.tsv,4225559,6e3cfacc-4c2a-4022-9999-d60adec7a308,DLBCL10461,Tumor
3b9bd9b4-3f00-4ecf-9ba1-63132ccba41f,f6b90ac2-2a17-4d00-afa5-67cd66d6d8c5.rna_seq.augmented_star_gene_counts.tsv,4231367,5b15076c-9040-4091-b8b0-8a1e624415ea,DLBCL10990,Tumor
3ef60986-846c-49a3-8fef-4b18be284d87,ae862a4c-5200-4ff0-ac13-46dd46ecd141.rna_seq.augmented_star_gene_counts.tsv,4234047,7d49127e-a82f-44f2-833a-20a187e4b3c5,DLBCL10780,Tumor
fda32e45-2cbd-403c-b189-9ceaa7712f7d,cb100f88-255c-46a6-a086-c6a06e6ee7c5.rna_seq.augmented_star_gene_counts.tsv,4228973,7ddca013-a75c-46af-8e82-c9c93714cd96,DLBCL10504,Tumor
c276a67f-6ec5-471e-b318-03f53d87e35e,17afa59b-45eb-42be-ac7f-0a9ed893a66a.rna_seq.augmented_star_gene_counts.tsv,4238479,6ebfc305-71bf-4739-9c19-e25fd4f910b4,DLBCL11459,Tumor
d18d64a6-e423-4fd7-a68d-59d54674b65b,a9c815a4-859d-425f-8b68-1c08c81c15ed.rna_seq.augmented_star_gene_counts.tsv,4244902,7de5dd67-0b40-49e6-a2fc-ebfff1eff954,DLBCL10865,Tumor
fbbd9a3d-7ed2-403b-b340-07800215b178,04bcf4e6-f9f1-441b-897b-91b1c50ab3bf.rna_seq.augmented_star_gene_counts.tsv,4235036,5c68733e-b44a-4dd8-bd16-69ad3de17c5c,DLBCL10884,Tumor
b1ca8fad-ab6e-49bb-b140-91d25d6b8ab0,f2a53795-44b3-439b-bf31-054b59b3189d.rna_seq.augmented_star_gene_counts.tsv,4231430,5e1e801b-ce83-47e7-9c63-0e7d4f155ee7,DLBCL11461,Tumor
ce88a65e-940f-485f-ae9d-d6f87bcd67d7,eaed08fd-3bab-4e29-a1fe-4c3e4b41a311.rna_seq.augmented_star_gene_counts.tsv,4231721,7f072145-edf0-4d42-aa49-7faecc6dcb35,DLBCL11204,Tumor
00ecded3-5b90-471e-816b-c96292b4fda3,c1986a76-48cb-41fd-9e77-7fdbd63dfa8e.rna_seq.augmented_star_gene_counts.tsv,4192951,6f9e0f3f-ad40-4d9f-a640-69623b87ac1b,DLBCL10494,Tumor
21302783-f015-4261-a104-b54dc76778f4,47e10992-80e8-4bc7-a30c-711dda7c4b44.rna_seq.augmented_star_gene_counts.tsv,4221272,8b5a8fac-bffc-47cf-a227-6d2e1bf3cfb3,DLBCL10453,Tumor
121524d9-244e-4357-80f7-d8bd6bf7a50f,749580ec-5cc0-4fbe-a489-08c798ba176d.rna_seq.augmented_star_gene_counts.tsv,4232338,6fa8f64a-a2d8-4cd6-ae2a-aed58e2d89df,DLBCL11501,Tumor
d2296538-66ec-44ee-9a4d-58a9d2ca90ee,95ab3441-47b5-4bba-8dce-63875b23cea7.rna_seq.augmented_star_gene_counts.tsv,4240946,8b6cb6cc-4c57-436e-a14c-1224e04a9e32,DLBCL10897,Tumor
27f77c3e-3c4b-4de7-9d35-ebae97f1ceb1,c0845c35-5b1f-41c3-8f50-4b0d3a3a234d.rna_seq.augmented_star_gene_counts.tsv,4190717,8bb679e5-5f87-4cb5-b933-613b1cfa60af,DLBCL10545,Tumor
152b9cad-b4b2-471c-a76b-5cb44c9e4984,127ad879-386f-4e93-a71f-ca9b69f8d55d.rna_seq.augmented_star_gene_counts.tsv,4229417,6fbc0f68-b068-4eb5-9191-f1b1c0066b0c,DLBCL10973,Tumor
b038ec5d-f0c5-4810-8cd1-e60c65b0fd10,6732ca14-6910-429d-af48-957ee28b120c.rna_seq.augmented_star_gene_counts.tsv,4199603,8bcb603e-47b5-4add-a612-f4a77f1eeaa8,DLBCL10512,Tumor
97d71a6f-6064-49bc-b17f-0986685f81f0,ed84854b-abeb-45ac-9e13-f2233428e015.rna_seq.augmented_star_gene_counts.tsv,4183264,6fdf0ef0-f3b8-4e3c-a6b9-c430dfa82666,DLBCL10469,Tumor
33b4e7f3-8d41-440e-920b-5d649114ef2f,bf6992de-6fc4-489c-ab22-48f7fa1f25b8.rna_seq.augmented_star_gene_counts.tsv,4224753,700c7e17-b6ec-43b2-81cf-0a30e515c164,DLBCL11527,Tumor
40560bad-1336-46af-b231-f861a8332b34,fe071cac-e96b-4bab-93b6-896ffba260f7.rna_seq.augmented_star_gene_counts.tsv,4207417,8d6c2bbf-a640-4126-90ff-5d2dc0e95272,DLBCL11574,Tumor
99aa1279-9b27-4c85-971a-4143fd6ab5da,518b6523-3710-4aae-8e6f-d026d8565bc0.rna_seq.augmented_star_gene_counts.tsv,4244529,81066e7c-aae1-4e0d-909d-663e10d3cdb6,DLBCL10836,Tumor
f86e6888-9928-4b7b-ae2e-e642bf90f215,c7e2aa37-249a-4ff7-b3ae-9f43fe503ad5.rna_seq.augmented_star_gene_counts.tsv,4199188,816842da-a901-4a14-b067-3053f6001bf9,DLBCL11569,Tumor
30c7b01a-f6bf-4c3b-9dba-26600c12c626,ac0e902d-e268-4dc1-b964-0ffcf014acd3.rna_seq.augmented_star_gene_counts.tsv,4209191,913f3d59-362c-4a39-ade1-ed56a3753906,DLBCL11666,Tumor
256cde31-c100-4e85-9fce-d9129af8129f,f097c2ec-55ce-479b-8dda-e1766dfb162c.rna_seq.augmented_star_gene_counts.tsv,4206816,82845a4e-b3c7-4c4b-b821-85e5affb68b3,DLBCL11570,Tumor
f32f8b5d-d7de-42ce-8da7-b57aed48c6c3,9fd4674e-1b88-42b1-b36e-aa6d0c68b28c.rna_seq.augmented_star_gene_counts.tsv,4233183,82c00005-5dd3-4e57-81d4-ff175dd2cfa0,DLBCL11439,Tumor
65419705-6a26-4380-9161-0dbfa5f1b2b2,f486178e-58af-47f1-9f28-d5b704579a34.rna_seq.augmented_star_gene_counts.tsv,4229992,83c38047-f58e-409f-8cc2-0d6eb7918c65,DLBCL10542,Tumor
1b98b209-f053-4b5b-be57-a29964a3ba53,9227896a-43ef-4453-97e5-b0658ce1f826.rna_seq.augmented_star_gene_counts.tsv,4219456,96111cc7-6f18-481e-8107-519319e9e763,DLBCL10938,Tumor
ec6920fa-a123-4466-8928-163073727c0b,01527dbe-3b16-4526-b74f-c6b381159373.rna_seq.augmented_star_gene_counts.tsv,4252638,87aaeb58-5440-4f25-9c92-2e56c1df2706,DLBCL11651,Tumor
ca0ba760-2317-4629-a649-bd9c5e387690,e3f6ca2a-b1c7-4dcb-ba3d-fafe378235ba.rna_seq.augmented_star_gene_counts.tsv,4232980,a37b2e3e-cdbc-419b-8c1e-4436edc9e4a0,DLBCL10846,Tumor
0d67e718-cbd6-4210-894d-8836386b20b6,4f5841a8-c348-4639-aad9-0716b71de581.rna_seq.augmented_star_gene_counts.tsv,4200847,9612d29a-89a5-4155-951d-804176364bc0,DLBCL11560,Tumor
f0bccce9-5aad-4fc9-888a-c453d0531c28,bd71e47a-11a1-442d-8de0-797315a70028.rna_seq.augmented_star_gene_counts.tsv,4238639,88461015-2496-436d-966f-86af0ea051cc,DLBCL10534,Tumor
1fa7a7f3-c5a5-4f6b-bfd4-5e14046dfabf,7b0d6de4-fc35-43f2-b25f-2f17f3f23f78.rna_seq.augmented_star_gene_counts.tsv,4227433,88b349fe-0bff-4dc4-a974-00e7bc12e5f6,DLBCL10931,Tumor
a67ddea9-d2a8-4b0a-82c1-529c9ab066c0,98f68792-baec-4c1a-896b-f2efa4f68e08.rna_seq.augmented_star_gene_counts.tsv,4220119,97fd77ba-04b1-445e-a25f-54a3ab8ffc1f,DLBCL10554,Tumor
5ae75128-441d-478b-b0f4-b8dac115c951,011ff200-00d3-448a-9770-0628067fb02f.rna_seq.augmented_star_gene_counts.tsv,4202511,a60b0623-440f-4abb-bf41-aae362bd1255,DLBCL10544,Tumor
82b768c8-1614-4e1a-a2cb-dc8bbc901735,b47a7fbc-b532-4855-8491-23c1154af725.rna_seq.augmented_star_gene_counts.tsv,4249147,a613d6e6-e794-446e-8556-9643278625bb,DLBCL11648,Tumor
eb6203f2-c47c-4f64-9d16-6204b1dbe75e,39e8e16d-6957-44c4-8880-662ac0bfa1f7.rna_seq.augmented_star_gene_counts.tsv,4227540,89fe5a8c-db63-423e-a3b0-fce89c9a03c2,DLBCL11453,Tumor
9ef82c30-2175-4347-a1f9-24eb9ae26408,4153b80d-4bc8-4b8b-a305-9f9747cad93f.rna_seq.augmented_star_gene_counts.tsv,4203466,c609ed46-761f-4372-be9d-08d37d4cedf8,DLBCL10484,Tumor
5620f696-2799-450a-9024-c1f99a87a745,08a75e33-e4c4-4692-885c-52066de614c6.rna_seq.augmented_star_gene_counts.tsv,4231935,c638e281-8d7e-4ba2-af21-dafb42f86aea,DLBCL10546,Tumor
ef4d70aa-11b6-4278-bbbc-f229e340972d,511fafd2-fa70-41f0-a2df-f7dc1f1f4a6e.rna_seq.augmented_star_gene_counts.tsv,4223397,a0404fa1-85e1-4ebe-a758-8bcdf5bfdc54,DLBCL11525,Tumor
061648b0-3451-4c22-a0e1-7061674070c7,1b031712-8404-4bcd-9aeb-3ff39aeb9019.rna_seq.augmented_star_gene_counts.tsv,4225533,a27dd836-c7dc-4ccf-b779-da1339cd86e9,DLBCL10939,Tumor
2f7858ac-d5c3-459c-9cf3-90d63f2f8f24,b779f2b8-31f9-447b-9e72-cb718c3fab86.rna_seq.augmented_star_gene_counts.tsv,4227380,a309cc32-6067-4b65-ba4a-12ab809a49c5,DLBCL10963,Tumor
791f6a17-5fb9-456b-943b-4af5e4ebde5a,a2aa5c80-572e-48ba-b04b-e5b252e3a7d8.rna_seq.augmented_star_gene_counts.tsv,4201159,c6853ba8-93cc-4366-a0cd-771bac826309,DLBCL11573,Tumor
008a1ee1-49e7-4b99-a451-0b9231d9ad9b,d88d515c-6ffe-4eaf-bf1b-dbe42519fcb5.rna_seq.augmented_star_gene_counts.tsv,4244587,ce2ebdb6-fb65-4b2c-9fcd-8ea4ef14809a,DLBCL11466,Tumor
7af1b0b2-47f3-407e-bcc6-f62fd8d7c348,f0c82eb8-dac1-4cd4-890d-c7b2f8ddb70d.rna_seq.augmented_star_gene_counts.tsv,4226214,dde05902-397a-4909-a881-87627cb5e8d8,DLBCL10495,Tumor
02ebd5c8-1967-4697-b019-5e522b3ae244,b68b1ae8-1a91-442a-abd0-3e8f3f50e59d.rna_seq.augmented_star_gene_counts.tsv,4244762,f2652325-6547-424b-914b-79f4ead0e3b6,DLBCL10488,Tumor
adff2b3e-08d9-4480-8491-ca10b3ab2a3a,41e08ce1-c76c-4111-ab44-ee8248b9ae6c.rna_seq.augmented_star_gene_counts.tsv,4236305,d074e34f-08fc-4487-978a-cfef16b4e0fb,DLBCL11534,Tumor
9bbf5a85-e0a3-49a3-a707-06b715d9c630,95b71fa5-4714-4e3f-84bc-88c78e62e63f.rna_seq.augmented_star_gene_counts.tsv,4262941,d1369ef3-8aca-477f-8dcd-66705f9b56e6,DLBCL11434,Tumor
40cc8699-ba83-40ae-9745-02d99d96d710,3c946090-4a92-429e-b3f1-7d8612205888.rna_seq.augmented_star_gene_counts.tsv,4229528,ddf554ef-8d54-4ed1-8fbb-960b4afea7c4,DLBCL10851,Tumor
3733f0a9-26c3-4d24-b753-3cbd57873394,a0ca28b4-297b-43b7-8e3e-bd36574d8803.rna_seq.augmented_star_gene_counts.tsv,4229986,c421c735-13b5-44fa-a359-7eae846be770,DLBCL10490,Tumor
9aa5483b-969d-4507-a53f-0f92e5791b28,6d8de4d6-c064-4f0a-9eb5-5c34fab4905a.rna_seq.augmented_star_gene_counts.tsv,4232646,f441ad6f-4c7f-4be9-ba69-478f8593f814,DLBCL10878,Tumor
26ff93a9-82b7-4540-88f6-362b0dd9c04f,f2df1924-6dcf-4c13-8ca5-53697459cbf8.rna_seq.augmented_star_gene_counts.tsv,4257041,c42c2eef-047e-4794-845b-94fc29d83160,DLBCL11433,Tumor
178c9dd1-2703-492b-a3c7-b8db00761db0,bdc00955-b146-4676-b257-961a67e9859d.rna_seq.augmented_star_gene_counts.tsv,4233995,f57579f2-b212-4502-b47d-3c8caeb0ed01,DLBCL11455,Tumor
9baca6be-8e6c-4dbd-8772-73b68b525f66,229c96d9-1724-465c-a007-b0b68fb58901.rna_seq.augmented_star_gene_counts.tsv,4232994,d700881d-6b1a-448e-bb0e-1d717cc23f4d,DLBCL10870,Tumor
8960b0e9-d216-4a4c-a41c-0f79fc1cffbd,c9f34f80-2083-44ea-98e2-755bca48c33c.rna_seq.augmented_star_gene_counts.tsv,4195881,df34735d-5cfe-484b-9289-2fb9bd8f36a7,DLBCL10498,Tumor
58b4c0ee-7752-424a-9ba8-c919c9dad367,d0c1ca6f-4e48-40eb-9987-780a98b4f2bf.rna_seq.augmented_star_gene_counts.tsv,4218246,f7aa0c49-5225-4614-9f87-c7f9411b4920,DLBCL10506,Tumor
af065a76-bc7b-4791-af5c-da6274a92d6f,00b1dd91-d841-49b8-b012-4be76c4a7103.rna_seq.augmented_star_gene_counts.tsv,4236966,d7571851-f28b-462a-b835-9801e9915cf7,DLBCL11499,Tumor
ef057600-a9fd-4a03-96d0-494f9daed6f3,49b52064-6c55-46e6-a99e-d0ddcfed1940.rna_seq.augmented_star_gene_counts.tsv,4241078,d7adca64-8017-4606-9dd9-1332af0bc973,DLBCL11584,Tumor
bc5c22d7-7e7c-4645-bc9f-a8fef21b16f2,4f90a8a9-2061-4d7c-86c2-fd2ecebf0e00.rna_seq.augmented_star_gene_counts.tsv,4252827,e125a397-145c-4902-8765-4cbec7d7ffed,DLBCL11479,Tumor
d260e579-cc03-4d77-8339-9fa53233f6a0,48fe3b8e-6147-4219-aacc-dee6d49350c9.rna_seq.augmented_star_gene_counts.tsv,4235301,fa55c5f5-a4ae-4be6-af8a-a1fc5400adf8,DLBCL10899,Tumor
0dbbb0b1-9d7d-4072-be30-f3a45d40f937,7f0c0979-8144-45e5-b584-e84ef72abe28.rna_seq.augmented_star_gene_counts.tsv,4229097,fa57af37-aab2-48cb-b1df-36098b3bcd4f,DLBCL10981,Tumor
48f5e34a-7ca7-4190-bdc0-3b311d0d9837,2bf61a52-5e5f-432e-b7f8-ca0d68461c13.rna_seq.augmented_star_gene_counts.tsv,4225901,e3d5a8d3-d899-4942-ad70-5d82fc64b17a,DLBCL11490,Tumor
05851c63-06e8-4b45-bc8a-5b043511541c,2e45377b-674a-4a99-bce1-56bc1b0ba11e.rna_seq.augmented_star_gene_counts.tsv,4191274,d8d959bf-4313-4e3d-aa9b-292ab5e0e99d,DLBCL11346,Tumor
15d861fd-5700-447c-833d-14087f6928a1,b90129e0-533e-491d-a460-cb0fff38d5b0.rna_seq.augmented_star_gene_counts.tsv,4231238,d9fb207e-9c66-474a-b479-af1d11929b72,DLBCL11494,Tumor
ed2231ac-adf4-4efb-8afa-3b1ca0d1b9ff,bb725c60-3e31-43b5-95ff-9749beb3179d.rna_seq.augmented_star_gene_counts.tsv,4226524,e3e8e52b-ae5f-4739-b873-4210995c6741,DLBCL10941,Tumor
f2b43106-418b-459e-b945-17c73b3a81e7,fa5c8b30-dedd-493e-bbb8-cf9a38a8c983.rna_seq.augmented_star_gene_counts.tsv,4219098,e42214e9-b4c6-4a45-a7dc-494b0a0b5fef,DLBCL11484,Tumor
d9be72d0-3f14-4646-a7cd-f1d469096f48,c4eed01f-1d0e-4106-9bc8-6d2b6bf8a63b.rna_seq.augmented_star_gene_counts.tsv,4243683,da4dc6b7-dde0-4078-bd68-4164c2dcc87b,DLBCL11482,Tumor
2ee49ae1-7e91-4577-a601-844487abb714,21e840f7-bb31-4ec0-9002-08ac9ac5fc31.rna_seq.augmented_star_gene_counts.tsv,4207376,fa67da71-1505-48cd-9da3-987c98f35f54,DLBCL10513,Tumor
6094b3ae-4e02-4c4f-8584-c2eb0831f9e3,8266f20e-50ae-4d4c-8520-438fd06a489b.rna_seq.augmented_star_gene_counts.tsv,4191943,fbfe9103-d7ab-4134-9d05-0eadc689fd8c,DLBCL11195,Tumor
0bbe619a-a968-4dcc-bec0-979467355c77,d5eb5edc-46d9-4f39-a2f9-79e32882faa9.rna_seq.augmented_star_gene_counts.tsv,4224911,fc841af6-2d2a-44b6-ba84-010654e37a8f,DLBCL10992,Tumor
4817b13c-c3fc-43c8-9b90-b4507db24bed,a7c6eb4d-13c0-48f0-80bb-e3cc13f73b28.rna_seq.augmented_star_gene_counts.tsv,4224059,e634a136-a27c-4160-b592-6c4475fe0a4d,DLBCL10916,Tumor
1a07266e-fcdf-4ede-b12e-e61825e73e62,0d5bfb08-e210-4f53-98ed-bd72edbd91a3.rna_seq.augmented_star_gene_counts.tsv,4238921,e802a952-3bf8-44a9-a9c2-e65102134762,DLBCL10895,Tumor
95804948-0ac8-4e85-8c27-d804f03ea601,78160c7d-3f01-4206-bfa2-6353685d32b4.rna_seq.augmented_star_gene_counts.tsv,4236759,fe082ccc-cc32-4462-8681-4b2813307ce0,DLBCL11473,Tumor
c8628992-a850-4049-b62e-5a504b8e78e2,dd53bf0c-8f2b-4855-8982-832ca174bd68.rna_seq.augmented_star_gene_counts.tsv,4223430,e93128a3-2175-44d6-aaf6-cb18c90c3237,DLBCL11300,Tumor
6fc8a75e-a1bd-4b2b-82b4-12831c5afa8f,829b454e-189e-41c5-a651-17b4f4f928f7.rna_seq.augmented_star_gene_counts.tsv,4250869,eb41e39b-fe11-47ee-a7c7-d32df56ff791,DLBCL11468,Tumor
f99ddff4-836f-4747-83e8-4af670743297,42e48cff-a669-43f6-a2e1-41bec3c9de6e.rna_seq.augmented_star_gene_counts.tsv,4242992,eb4fa05d-7ea7-4c91-a9ae-0f8810090d89,DLBCL10879,Tumor
87bf68f9-c361-48e3-b902-4d61355a0022,6494990a-873b-4910-b73b-2968344f814b.rna_seq.augmented_star_gene_counts.tsv,4231796,ebed5eaa-63d0-44ce-aa3e-4ef7ced423a6,DLBCL10946,Tumor
9cb5b96a-5f16-4485-9ad3-8efab41b7c8a,d7a9a1ab-7f17-473a-88c4-fd7ef57df3dd.rna_seq.augmented_star_gene_counts.tsv,4244896,ec1e2dd5-1f68-4fdc-af2d-50e18d07b490,DLBCL10922,Tumor
01c3228f-447a-4912-8ff2-7e06e47416be,47008164-fc08-4d94-b287-3ded7faa6d21.rna_seq.augmented_star_gene_counts.tsv,4226551,ec549296-3e44-4661-90f3-da5d54bf6a18,DLBCL11661,Tumor
9f098aad-a612-42b9-b8b3-926b837f3fc1,5c175ee5-f8d1-444e-9f2e-1a95bb0b451b.rna_seq.augmented_star_gene_counts.tsv,4203763,ed30e490-9ff6-4fb8-8e25-a48627eb7e0c,DLBCL10528,Tumor
eb90f413-39b3-4ff4-9076-7a7f6713cd80,2bf74263-07a3-4c06-bff8-5c4084d0effe.rna_seq.augmented_star_gene_counts.tsv,4229245,ede24100-1fd0-4958-8741-34be757ee00a,DLBCL10462,Tumor
0d838b49-9a24-43b7-94ff-68285d2f1131,b0c877c9-3c82-4337-91e3-a2d241e648d5.rna_seq.augmented_star_gene_counts.tsv,4228198,ee3745ce-85e1-49f5-bcf4-8dcfee0202fe,DLBCL11532,Tumor
080311fe-673d-4131-ad14-9d88673f4683,0a5ceea4-b5df-4072-9481-af8915c203f8.rna_seq.augmented_star_gene_counts.tsv,4196564,ef4dc441-106a-4d20-b0df-bcdfaad8519d,DLBCL10933,Tumor
559da482-06e8-4aea-9a7e-e20e38a41873,7e18e510-6b5d-4510-86fb-0f639b1af4e6.rna_seq.augmented_star_gene_counts.tsv,4228388,ef706163-bd76-4ff6-807c-73d4cff4c5e7,DLBCL11495,Tumor
22d41b1f-8b7a-4b23-942e-41f58b6093dc,2ae88daa-84aa-4a40-956c-ff11089269fd.rna_seq.augmented_star_gene_counts.tsv,4235458,ef933397-f15c-4dab-83c1-da64dd09ef99,DLBCL11202,Tumor
b27508a5-74de-4c76-bb4b-cdda1271abe5,b454fe96-2cb8-40a1-8bf5-2408a9c975d7.rna_seq.augmented_star_gene_counts.tsv,4249209,efb57344-ebad-41f7-abb5-b706c25ba24f,DLBCL10875,Tumor
8b6e7e13-5e29-4e76-b59e-0b192c6bcce4,9cdf08e8-f0c1-4c1e-944e-9d2382a2dfbc.rna_seq.augmented_star_gene_counts.tsv,4239496,efd877f4-5f48-4564-88bb-ed9722c6ce8e,DLBCL10980,Tumor
27714bb5-ac6c-4004-8539-fefb023cd46a,b95fbc19-7919-4c88-8ea1-7c4d0c871f0b.rna_seq.augmented_star_gene_counts.tsv,4228862,f0abb206-9d2c-4b67-9c56-020a3437e040,DLBCL10892,Tumor
56a9da35-630f-475d-bc94-59b7c07847ad,18a032be-82ab-4614-8fb3-f5cc9e9ee32e.rna_seq.augmented_star_gene_counts.tsv,4212151,f0c3c1b7-8577-4542-bb6e-58f0b38d06f1,DLBCL10483,Tumor
524c01ae-2cd0-4acc-b40c-3d705198a67b,5b7666ab-1972-41d6-86a5-bcbbbd23ede2.rna_seq.augmented_star_gene_counts.tsv,4204045,f0eeb98d-f523-4b4d-bb3d-da3a1c152dab,DLBCL11577,Tumor
45e8ceff-9a2e-49f5-ab5c-60d639f3a196,e307413e-e38b-4ab2-b278-186ac518c96e.rna_seq.augmented_star_gene_counts.tsv,4235933,f21fbe58-7b06-43d6-ba44-df03c8b0a748,DLBCL10782,Tumor
d1797fbb-a65e-497c-9a9e-c622184a7ea1,845239dd-2499-4581-bdf8-e03731ded51f.rna_seq.augmented_star_gene_counts.tsv,4247369,f229be08-3529-4229-9d77-0c3ddfa0004a,DLBCL10834,Tumor
8e0ee326-5c43-4a54-af0c-29e779a99c2e,8ee59c13-9196-43e7-8da6-e35ba0781456.rna_seq.augmented_star_gene_counts.tsv,4232177,001f43ba-72d3-40e7-99bd-8aaafb585227,DLBCL11500,Tumor
48416b2b-b907-42cc-903d-d61efce5c2ee,32ef0d11-b292-4346-9a0b-06f27cc541ef.rna_seq.augmented_star_gene_counts.tsv,4235610,004202bb-2b27-4ab9-af14-0f9b8947327c,DLBCL10485,Tumor
9ec5afc8-95b5-40a7-9533-e5733c4a2bba,7077e271-341e-4ba9-bef0-4aa82b269fcd.rna_seq.augmented_star_gene_counts.tsv,4238228,00b14f2f-f4f8-41f1-bbb6-671caf961f2a,DLBCL11256,Tumor
0bc386be-0ee0-48b5-8ab6-747075f8f1f9,7eb5c792-c995-4b55-8890-d944a5533986.rna_seq.augmented_star_gene_counts.tsv,4234544,010d6605-497e-4d74-aac1-725421341335,DLBCL11652,Tumor
8bce7956-a666-4a0e-a178-580758a9e2b1,5c746f77-2591-42f3-9475-10b200b70d1e.rna_seq.augmented_star_gene_counts.tsv,4216118,0198534b-b537-49b1-b9f5-a83543ad6f1a,DLBCL11203,Tumor
f0e63262-c0f5-4524-88c1-53d7dfda932b,71297969-1d38-494b-a3fa-b7175b7b22a3.rna_seq.augmented_star_gene_counts.tsv,4241691,019b5fc4-987f-43b4-9767-67265338c6bb,DLBCL10917,Tumor
ec2c5111-447c-469e-8d11-6817172ca58a,9c83cacb-fe99-4a5e-afd3-91ec04053e9a.rna_seq.augmented_star_gene_counts.tsv,4225968,02e9c2bd-4914-40d8-be69-54fcb33737bc,DLBCL11528,Tumor
f8558d8b-b9d6-4227-9e59-ad9dc8e5cba7,bcebb667-c8bf-4cfe-98ee-a2c157c6d0fe.rna_seq.augmented_star_gene_counts.tsv,4241736,03b36d9e-1e9e-4d9d-9303-9cd8dfc4d4e7,DLBCL11435,Tumor
c0776a10-7574-44e9-af2e-a30a07f59624,37fa3cd8-6ca3-4790-a5e9-a0a06e3381a5.rna_seq.augmented_star_gene_counts.tsv,4248414,0499097d-d76f-4c81-a437-ebc5b079f6ad,DLBCL11531,Tumor
c4fb45dd-32b7-42f7-8e2d-8697706c726f,ac43e8ab-237e-4b0a-8e3c-878e4a259ac8.rna_seq.augmented_star_gene_counts.tsv,4230134,04b9887e-0484-40f4-884e-f1aa016c21a9,DLBCL11194,Tumor
586a7d18-3f11-4bcc-b05b-26fb5c0a83b4,d1aa6695-cc7d-4b79-95d9-9a28e15e705f.rna_seq.augmented_star_gene_counts.tsv,4238759,04d3361f-039c-46e7-8e64-4ad9cbe0eeea,DLBCL11271,Tumor
354e5fc0-613b-4b8d-99a5-06ed57e93be7,86e8d5b9-ef5e-4254-96d9-c89b6d6b9505.rna_seq.augmented_star_gene_counts.tsv,4235945,05d97319-37c9-441a-b2c5-ebbfda0af87e,DLBCL10975,Tumor
0c9163cb-d0e4-4348-adb2-873e6b44e366,4b099e3f-9280-4bfa-86a2-956f04255fec.rna_seq.augmented_star_gene_counts.tsv,4230240,0609047c-18a6-4b92-b049-491963e86447,DLBCL10116,Tumor
f3dc0a72-8d59-44fa-9b62-710ee9e081f5,a12b0b0b-157c-4133-9985-bc459aee3f9d.rna_seq.augmented_star_gene_counts.tsv,4243877,076dd4fa-bb4e-4c4b-93b4-c35f4f4ffc82,DLBCL10883,Tumor
6c4b6a04-5dd4-482d-b68d-66894944b502,3081f123-3a36-457d-8285-97fdbd5b6d76.rna_seq.augmented_star_gene_counts.tsv,4238166,15ead7a9-d2e2-4ebc-a1d4-dc1079c10309,DLBCL10877,Tumor
38d78186-75f0-41d8-be08-4923c989b8ae,5a037643-599a-41e7-a51c-cec9bef96ea5.rna_seq.augmented_star_gene_counts.tsv,4220029,1656dfde-fdd5-467e-8231-7e4af281f10a,DLBCL10932,Tumor
cdb59131-7e50-478b-8164-dbca23133ec2,b032e905-fe77-405b-ab92-001bc60c8a08.rna_seq.augmented_star_gene_counts.tsv,4235606,08bdd75d-1186-4bdc-85ce-5be4cb7fb0c2,DLBCL11659,Tumor
12d99f7d-0bb1-4425-841f-7eb085cb5f5b,c8e63e0c-bc3d-48f8-8784-cc6a983c2661.rna_seq.augmented_star_gene_counts.tsv,4236720,09fadb02-aaab-432f-8d25-e732343d1132,DLBCL11681,Tumor
2a60c9ea-1057-4d04-bb93-7ce0a360dad1,627da0ac-eec6-4840-a749-e3f90e1ecc23.rna_seq.augmented_star_gene_counts.tsv,4225854,1740baff-fb91-4811-9b49-c733a926ab0c,DLBCL11487,Tumor
082cca7b-0af7-460f-91e8-d3ba65ead3e4,bc9db116-d8fa-4139-94e1-e25b89b2fb06.rna_seq.augmented_star_gene_counts.tsv,4233116,18134e14-31a2-4f8c-b8c5-5736c33d156d,DLBCL11533,Tumor
5521674a-f85c-417f-bb41-fc127d359b1b,653142f9-7afd-4250-8969-dea9788711dc.rna_seq.augmented_star_gene_counts.tsv,4243756,0baa2eaa-9f7c-4fe9-b8fe-d482bfa7d3c4,DLBCL11469,Tumor
29c7233a-bb98-4b33-99a0-30bec2d6de22,d2781ba6-342c-4e4e-9793-acca01d4dacb.rna_seq.augmented_star_gene_counts.tsv,4198735,0bba185a-8a9b-4906-a011-27ebee863d58,DLBCL10958,Tumor
0f393bc3-83dc-4228-9e6c-12c7862ccad6,5078663e-eb5f-42c8-b379-352c31ff366f.rna_seq.augmented_star_gene_counts.tsv,4241716,186440af-9fe6-47ae-be11-1d602e9eeae9,DLBCL10874,Tumor
8f6e4193-a581-4c51-bfb7-b3d62a09406d,bff3f6fb-19fd-487d-acb0-5bc9bc863a59.rna_seq.augmented_star_gene_counts.tsv,4221749,190e0bd4-0173-4dbe-bddf-5452c0527d37,DLBCL10967,Tumor
8d9d3b9b-7829-4723-8ae0-e2b4ab0fb1d1,2eb58416-90de-41d3-801a-743a7aaa385f.rna_seq.augmented_star_gene_counts.tsv,4236159,0dd7ca8b-8987-4225-bd20-21aad1d9cc1d,DLBCL11562,Tumor
00809e9e-b490-4866-8abf-f9794a8d4bfc,118830d1-07fa-4876-81c9-571693a45205.rna_seq.augmented_star_gene_counts.tsv,4184841,2b2a6ad0-cea9-465f-ab24-296270d84197,DLBCL10510,Tumor
313d2f77-5221-4a52-b18c-10ef28bf49aa,05eec2be-5180-48b5-b3ba-21079877c47e.rna_seq.augmented_star_gene_counts.tsv,4222365,2b33df87-cc7a-4174-b8d6-2d1165708e1d,DLBCL11586,Tumor
b28cbb56-7fc3-4278-93dd-03056e46dfc5,11cb0aa2-f9b7-4134-aa7c-815677a30a9b.rna_seq.augmented_star_gene_counts.tsv,4230254,19f0bd1f-1fd6-45f7-8d2e-dd53cb12266b,DLBCL11181,Tumor
f5e4d2dd-68f6-4f1b-a983-1095e740ceda,556b846a-fefd-466b-83f0-e68093907dec.rna_seq.augmented_star_gene_counts.tsv,4238811,1aaa4ad9-1273-44cf-a6bb-27e1e0fa03b6,DLBCL11657,Tumor
c65a73f4-2f7e-46fc-907b-33bd12a68972,3ecd3a59-170e-44b1-b0c4-6e3e45ff54ad.rna_seq.augmented_star_gene_counts.tsv,4238185,1092749a-4f40-4bf4-b8b6-d6e8d4ddf52d,DLBCL10507,Tumor
6fb94114-3c6c-40f7-8713-fd227a4aefde,0faeb4ab-fe8a-4fc4-a8e2-663fe547d17e.rna_seq.augmented_star_gene_counts.tsv,4231612,2dccc8ab-bbf8-406e-9f04-cd36c7c5a1e6,DLBCL10887,Tumor
9fcf14e7-e995-4673-8843-d94744d20d34,e329a41f-fab8-4bc8-a9f9-dfe0e8880a39.rna_seq.augmented_star_gene_counts.tsv,4193236,2e0c41a0-4aab-4056-a1d5-53bc1f0e239f,DLBCL10527,Tumor
c592dc2b-00ac-458d-b71f-675230ef8a99,3e6d8460-05ea-4a73-b516-27a827523fd7.rna_seq.augmented_star_gene_counts.tsv,4230779,10bc9e97-74a4-46cc-834b-5118b0134cf6,DLBCL11464,Tumor
f5ac7283-3e80-4640-9717-7156e2860253,7fbcd9e2-f9d9-4df9-987c-136a6ef715d9.rna_seq.augmented_star_gene_counts.tsv,4234080,1b42f1f3-031c-47ff-8ca2-2bc09285c308,DLBCL10860,Tumor
7b28b09f-7d58-45db-89ed-071724c5035a,efba65fd-d2a9-4150-bf58-f1b8a4c287c2.rna_seq.augmented_star_gene_counts.tsv,4227221,10fb970f-919d-4535-b043-cdd0e9a304d6,DLBCL10868,Tumor
772d5c92-e0db-47b2-82b1-3111535ce97b,5b5fa962-cadd-4f76-b9eb-727e4ae7c99e.rna_seq.augmented_star_gene_counts.tsv,4246523,115ff54b-7e6c-4885-b564-f6c3299379cf,DLBCL11587,Tumor
df5747c2-9eff-4d19-a1de-2828e311a1f1,4414dbc2-d9c7-4831-949d-94aa6295ea9f.rna_seq.augmented_star_gene_counts.tsv,4241215,2f73672e-e7dd-4d19-a7a4-30212c128ac7,DLBCL10969,Tumor
a532863c-190d-46f9-8147-f17510e8c7f0,083522b7-1005-41cc-b30e-f54321eec7fb.rna_seq.augmented_star_gene_counts.tsv,4223555,1bbd0291-cc1a-4056-a7e2-05de95c35f03,DLBCL10861,Tumor
3f703296-cbc8-4e1f-8d5c-38ed59d25196,f2ede64f-3331-419c-9093-b8f6623c4f1e.rna_seq.augmented_star_gene_counts.tsv,4225113,11c08b1a-ef1f-4e86-8f6c-3aecc5185e2f,DLBCL10942,Tumor
c4385e4c-628d-469c-834a-9a993c754ecf,b3545f6b-d0ed-40fe-8a70-2a1c9e83fb75.rna_seq.augmented_star_gene_counts.tsv,4242752,30e72372-beb7-4ad8-9e2e-5d5e915d4d2a,DLBCL10835,Tumor
0a537418-2831-4130-91b7-9685bc13a90b,0ec9246d-abf3-4acf-921a-25a0ec052707.rna_seq.augmented_star_gene_counts.tsv,4204034,3191d6ba-803f-41bf-93ae-79fd268497e2,DLBCL10543,Tumor
b138dbfa-9057-4a67-b115-10895f0b320b,e22b0156-1312-4690-be14-8a9f49d68f7d.rna_seq.augmented_star_gene_counts.tsv,4204290,13bc19d3-0863-4326-996b-fa9f240ad928,DLBCL11559,Tumor
27929774-ad66-45ab-9c90-56acb914f1ee,d06cb307-426c-4e9b-8d8d-1d269161563b.rna_seq.augmented_star_gene_counts.tsv,4183493,460c6c4f-6032-47be-bef0-55f4e25940e2,DLBCL11685,Tumor
73d56487-5e9d-485f-9364-164a18a7423c,acf4f09e-9684-456a-bb23-b22774b36867.rna_seq.augmented_star_gene_counts.tsv,4231290,32800412-370b-45c7-aead-6c2e28329b20,DLBCL10971,Tumor
35d31c48-581e-4699-9f9d-bb89ce943257,ef811ac5-ffe8-43be-bd26-1b0c39954600.rna_seq.augmented_star_gene_counts.tsv,4224560,3337bc19-1960-46b2-8441-5a47a3ef009e,DLBCL10993,Tumor
2e6ad58e-48ec-4aa8-809b-6a675c8774a1,a04a8eb2-7b49-499c-b79b-216d48603012.rna_seq.augmented_star_gene_counts.tsv,4232552,2108e462-a3e7-4011-887a-105a2924b6b5,DLBCL11668,Tumor
432f0cbc-a638-4f8d-82dc-2f92aa3a704a,1527da57-0042-4dbe-8888-ec5a02524c2e.rna_seq.augmented_star_gene_counts.tsv,4237560,47d51b32-483a-4295-926e-ea9340d559d6,DLBCL10525,Tumor
a02804d9-32aa-4e71-9302-9cc60ff3c238,f0fa742f-aa94-40cc-ad77-802736be0e79.rna_seq.augmented_star_gene_counts.tsv,4243830,47f994af-fbfb-4ecf-86f9-5eb30b492d40,DLBCL10891,Tumor
1062674d-0f85-4129-95bd-9cf55289b937,e3b54e82-63da-4778-9811-87e87600d00a.rna_seq.augmented_star_gene_counts.tsv,4237261,35310dd1-e253-4771-9405-a8d52cc8a310,DLBCL10968,Tumor
3939df41-f383-4c56-9ebd-924be249b41c,fbab5cde-ab54-4bda-95b4-b27131929adb.rna_seq.augmented_star_gene_counts.tsv,4239138,481cc5a5-6aa1-41f4-a75c-53b5c11d3100,DLBCL10838,Tumor
e563a184-2b7b-4d05-b122-ac6d6241f17d,5d9eec96-02bc-46f6-85fa-4f9ff5574d6b.rna_seq.augmented_star_gene_counts.tsv,4208704,2589bbec-bb62-422c-9021-6f9e3c6da229,DLBCL10949,Tumor
6a518ed5-8f6f-4af7-a0de-57efd8ba8742,31a8ba2c-5e1e-4f7c-8c19-bf5418994be4.rna_seq.augmented_star_gene_counts.tsv,4257827,3677d75a-8c19-47cb-9617-af3e18fbf031,DLBCL10896,Tumor
ad1180eb-9e2f-4612-8bc4-b8c3852a9031,2cc01183-7292-4a65-b82f-da6e353512b6.rna_seq.augmented_star_gene_counts.tsv,4240729,275edfc7-9619-42fa-acc3-93805a0f3334,DLBCL11463,Tumor
96e30cd9-6578-478d-b824-5dfcb002fcf7,5878a846-54fb-48d2-9d12-a97115c4c71f.rna_seq.augmented_star_gene_counts.tsv,4237524,37003043-8d11-4832-a800-59b5d9ff3426,DLBCL11518,Tumor
f43693dd-de77-4a73-9d2a-e8109fd5be54,fb59b269-b2c2-4017-8d2d-3149382ab62e.rna_seq.augmented_star_gene_counts.tsv,4230040,39107a09-db0b-412d-973c-7bbd83615a2b,DLBCL10566,Tumor
08d137fe-995f-4f59-be61-6386aeed85a5,9ab45757-f0e0-4fb0-b245-8c7da62764b0.rna_seq.augmented_star_gene_counts.tsv,4251262,4affcce9-a2c8-46bf-8f90-8529ca6c0674,DLBCL11462,Tumor
a2ab111e-47ea-409f-b731-f64c62dca2a6,77f32a28-ff91-424b-a8c5-715e2376bd5f.rna_seq.augmented_star_gene_counts.tsv,4217215,2928954a-58a1-40c9-844e-00c849216d77,DLBCL10930,Tumor
801a160d-21be-475e-97db-a257cf8ed4d8,0567651f-a1df-448c-b7c1-b0637c4626e0.rna_seq.augmented_star_gene_counts.tsv,4228728,3adc54fd-5f0d-4571-8132-ec814bccffa9,DLBCL10956,Tumor
a76cfb5e-44ab-46e2-a9a7-84ec046cb803,830b25af-21ec-4284-8aaa-92e50d394ad5.rna_seq.augmented_star_gene_counts.tsv,4189851,3ca96426-d6bd-403c-99f6-bdfd7651ae5b,DLBCL10493,Tumor
487509d1-e177-44c7-affc-dd2ff40c2362,31f0d3ce-ffa0-4611-853f-e9d4209db57d.rna_seq.augmented_star_gene_counts.tsv,4237568,3d695ac6-f11d-4fc9-82ec-0691ada3c500,DLBCL10833,Tumor
b454952d-c02e-4e75-8927-edcca79ff4ad,7e9095e7-c867-4a2f-9f02-6ac01a21227f.rna_seq.augmented_star_gene_counts.tsv,4231484,613583c8-1116-4d36-8346-4a9a63e0247c,DLBCL11678,Tumor
40b5d567-4fa8-4a3a-81c9-798ad619dbea,38f0ecec-0242-4dbd-a303-a21c4e6f46de.rna_seq.augmented_star_gene_counts.tsv,4231404,4de8fa0b-7144-4f5d-b4bf-0cc77c6ba44e,DLBCL11498,Tumor
c6f4e3df-0195-426b-8eae-93058f3b7a14,c7201f0e-e185-4457-bfaf-32c2c8724c6b.rna_seq.augmented_star_gene_counts.tsv,4233545,4e8a17db-3b9a-41db-9db3-24eb47ad9a81,DLBCL11491,Tumor
c5352d1f-b3e9-4372-909c-f469c8469696,79fc9d3b-55ac-4d35-a270-be13e605752d.rna_seq.augmented_star_gene_counts.tsv,4229263,634dcb35-49f0-4302-81f9-45c3f86105a9,DLBCL10943,Tumor
800106c0-3c4a-445e-9674-70e592f93a61,d6a966ac-362c-41e0-9f6a-8bfa3cb79619.rna_seq.augmented_star_gene_counts.tsv,4201101,64b02157-f6d8-489b-a70a-2962c524cc02,DLBCL11578,Tumor
3419b785-d2cf-46ca-aef6-d34448a2e644,f23dc884-8a5a-4157-bf13-a597d07677c5.rna_seq.augmented_star_gene_counts.tsv,4186939,43f21347-7633-47ce-961e-937feb463599,DLBCL10524,Tumor
d33d24bf-cc73-45bd-90e2-ac4d3c02b107,08315ef5-a22d-4077-830e-695a863e9574.rna_seq.augmented_star_gene_counts.tsv,4242247,65b27744-9ec7-4ae8-b40d-f168744e2fda,DLBCL10457,Tumor
3092b879-4cc9-40cb-9928-d0f738917b94,8f121ed4-6b7a-48d5-8ca5-168d45a2e8ff.rna_seq.augmented_star_gene_counts.tsv,4232925,d053e79f-78c3-47f5-ad9b-95fc0f4dd2d4,DLBCL11585,Tumor
1f258dee-6bf4-47dd-baa2-f9a82ed83a70,8bb0d159-99f8-49d9-a9f4-0d32dca19b84.rna_seq.augmented_star_gene_counts.tsv,4229416,f33854e4-5c49-4870-a6e6-b32083938b26,DLBCL10966,Tumor
7c184e51-45dc-44e0-97d3-1a8c6e21bc73,eb411458-4e8e-4491-84c0-038dbed7cafd.rna_seq.augmented_star_gene_counts.tsv,4219427,df2d14b9-8a8e-4e67-be88-0637969f769f,DLBCL10950,Tumor
902115ee-0704-4d30-8a05-bf6e9746bea1,a247f630-d625-48b3-a16d-58585d6e3dfb.rna_seq.augmented_star_gene_counts.tsv,4197255,f60bc9c1-a9e1-4a03-9fa5-e572c79bc940,DLBCL10519,Tumor
fb0ba90a-f82b-43c8-a759-0fc346606108,8e1ab1e8-ae2d-4623-b98d-0dec4ea0ffb9.rna_seq.augmented_star_gene_counts.tsv,4233708,d72d58f8-23c4-43f7-a1bf-532cdb37b9d6,DLBCL10965,Tumor
6dda5417-5ef6-4818-b464-0a18cd79f133,ae147e31-2af2-4f59-9cde-c594117ff911.rna_seq.augmented_star_gene_counts.tsv,4227819,e01b02be-8028-49cd-a264-470276106400,DLBCL11447,Tumor
959b4456-0586-4a69-a53c-9ae5c7b9998a,eab29c92-1540-4c37-88f5-823c658cb6d2.rna_seq.augmented_star_gene_counts.tsv,4182974,f9a7eafa-5bd8-4ba3-83cb-9d7a6e6c7d46,DLBCL11510,Tumor
3775018c-9f6c-44a6-886a-471cc222be77,8ebfe66c-fb02-4e12-b477-30e522be0bc3.rna_seq.augmented_star_gene_counts.tsv,4231261,fa1a5bcb-4a13-478d-b4ac-d5388458995a,DLBCL11683,Tumor
fd18dfad-33c5-49ec-951d-5b48013678bf,00c81084-1299-445f-ab6f-6d5b277361ab.rna_seq.augmented_star_gene_counts.tsv,4192368,e03a6b56-10ac-4d6a-87b0-b560ae4041e0,DLBCL11660,Tumor
ea4c011b-e94d-49d7-b32b-9b8703bb6e8f,eb43ca81-26fc-4df5-9652-574634a1e19c.rna_seq.augmented_star_gene_counts.tsv,4230205,d88d0336-f66a-4f6b-850b-3d5e97c62a58,DLBCL10982,Tumor
59f4ff71-5121-4a0f-8405-49389c3d0520,c18429bd-cb8f-40e4-aa05-90b6bcb61f39.rna_seq.augmented_star_gene_counts.tsv,4228295,e359ba00-50d1-4d1f-a801-7262becfcf42,DLBCL10940,Tumor
e07f64fc-6528-49f4-ac96-5992bc0a6a0f,1d544d3c-dce8-4a32-8f30-936eca6f2ac5.rna_seq.augmented_star_gene_counts.tsv,4191488,fa6494a3-7230-490e-a983-124ec2f056cb,DLBCL10522,Tumor
360e1a63-9a06-42fb-a240-5551fe756243,80480a84-2a56-4355-bac8-5b8a68b37fa0.rna_seq.augmented_star_gene_counts.tsv,4239505,e477a1d6-57e2-4618-89a3-b4129375641d,DLBCL10463,Tumor
dff24068-4adc-4663-8987-bb2c67e93bf5,3680f694-6d54-4af0-9ec4-90114ce46a39.rna_seq.augmented_star_gene_counts.tsv,4227673,fb4e51fb-8d3c-4e00-b09d-9e1c229fe5d8,DLBCL10489,Tumor
